id,datetime,x_cm,y_cm,z_cm,size_mm2,speed_mps,acceleration_mps2,distance_cm
01G0QN0SRDKEQ69PZTD2S0D1RX,2022-04-15 22:20:40.187459,46.845966,-0.48911968,184.26314,31.499414,0.035449658,0.11822058,0.035449658
01G0QN0SRDKEQ69PZTD2S0D1RX,2022-04-15 22:20:40.197459,46.846912,-0.45084965,184.27042,31.536167,0.03896549,0.35158333,0.03896549
01G0QN0SRDKEQ69PZTD2S0D1RX,2022-04-15 22:20:40.207459,46.845127,-0.4100457,184.26576,31.49071,0.041106533,0.21410438,0.041106533
01G0QN0SRDKEQ69PZTD2S0D1RX,2022-04-15 22:20:40.217459,46.84389,-0.36762002,184.26567,31.07016,0.042443857,0.13373242,0.042443857
01G0QN0SRDKEQ69PZTD2S0D1RX,2022-04-15 22:20:40.227459,46.83956,-0.32367125,184.25334,31.20474,0.04584956,0.3405704,0.04584956
01G0QN0SRDKEQ69PZTD2S0D1RX,2022-04-15 22:20:40.237459,46.83683,-0.27802312,184.24509,31.485598,0.046467137,0.061757427,0.046467137
01G0QN0SRDKEQ69PZTD2S0D1RX,2022-04-15 22:20:40.247459,46.83123,-0.23123303,184.23167,31.32471,0.048996974,0.2529836,0.048996974
01G0QN0SRDKEQ69PZTD2S0D1RX,2022-04-15 22:20:40.257459,46.826294,-0.1827774,184.21742,32.10305,0.050747447,0.17504756,0.050747447
01G0QN0SRDKEQ69PZTD2S0D1RX,2022-04-15 22:20:40.267459,46.82667,-0.13351785,184.22142,33.220833,0.049421966,-0.13254815,0.049421966
01G0QN0SRDKEQ69PZTD2S0D1RX,2022-04-15 22:20:40.277459,46.827637,-0.083388284,184.23434,33.425423,0.05178122,0.23592508,0.05178122
01G0QN0SRDKEQ69PZTD2S0D1RX,2022-04-15 22:20:40.287459,46.825413,-0.032351274,184.22937,33.475056,0.051328123,-0.04530938,0.051328123
01G0QN0SRDKEQ69PZTD2S0D1RX,2022-04-15 22:20:40.297459,46.821896,0.020083122,184.22235,32.535427,0.05301751,0.16893837,0.05301751
01G0QN0SRDKEQ69PZTD2S0D1RX,2022-04-15 22:20:40.307459,46.820953,0.074258536,184.2266,31.854761,0.05434956,0.13320541,0.05434956
01G0QN0SRDKEQ69PZTD2S0D1RX,2022-04-15 22:20:40.317459,46.81663,0.13034049,184.21819,31.42911,0.05687355,0.25239882,0.05687355
01G0QN0SRDKEQ69PZTD2S0D1RX,2022-04-15 22:20:40.327459,46.815598,0.18763945,184.22543,31.662693,0.057764962,0.08914131,0.057764962
01G0QN0SRDKEQ69PZTD2S0D1RX,2022-04-15 22:20:40.337460,46.81182,0.24542615,184.22571,31.896616,0.057904836,0.013985811,0.057910625
01G0QN0SRDKEQ69PZTD2S0D1RX,2022-04-15 22:20:40.347460,46.808563,0.3049955,184.2243,32.903305,0.05967497,0.17701355,0.05967497
01G0QN0SRDKEQ69PZTD2S0D1RX,2022-04-15 22:20:40.357460,46.802628,0.36596003,184.21442,33.8996,0.06204722,0.23722501,0.06204722
01G0QN0SRDKEQ69PZTD2S0D1RX,2022-04-15 22:20:40.367460,46.79207,0.42809066,184.1843,35.28497,0.06984632,0.77990985,0.06984632
01G0QN0SRDKEQ69PZTD2S0D1RX,2022-04-15 22:20:40.377460,46.78219,0.49227422,184.15802,36.177162,0.07005297,0.02066515,0.07005297
01G0QN0SRDKEQ69PZTD2S0D1RX,2022-04-15 22:20:40.387460,46.77666,0.5591947,184.15042,36.0111,0.06757677,-0.24761957,0.06757677
01G0QN0SRDKEQ69PZTD2S0D1RX,2022-04-15 22:20:40.397460,46.771793,0.62791187,184.14694,35.02586,0.06897743,0.14006539,0.06897743
01G0QN0SRDKEQ69PZTD2S0D1RX,2022-04-15 22:20:40.407460,46.7678,0.69752705,184.14719,34.14102,0.06973008,0.07526513,0.06973008
01G0QN0SRDKEQ69PZTD2S0D1RX,2022-04-15 22:20:40.417460,46.765823,0.7678361,184.15686,33.695225,0.071000986,0.12709044,0.071000986
01G0QN0SRDKEQ69PZTD2S0D1RX,2022-04-15 22:20:40.427460,46.76132,0.8382738,184.15677,33.195957,0.07058177,-0.041921556,0.07058177
01G0QN0SRDKEQ69PZTD2S0D1RX,2022-04-15 22:20:40.437460,46.759064,0.90889364,184.16095,32.812134,0.07077864,0.019686993,0.07077864
01G0QN0SRDKEQ69PZTD2S0D1RX,2022-04-15 22:20:40.447460,46.75737,0.9785185,184.16632,33.229946,0.06985232,-0.09263195,0.06985232
01G0QN0SRDKEQ69PZTD2S0D1RX,2022-04-15 22:20:40.457460,46.757374,1.0475746,184.17998,33.877247,0.0703942,0.054188386,0.0703942
01G0QN0SRDKEQ69PZTD2S0D1RX,2022-04-15 22:20:40.467460,46.758812,1.1161047,184.20184,34.578426,0.07195007,0.15558688,0.07195007
01G0QN0SRDKEQ69PZTD2S0D1RX,2022-04-15 22:20:40.477460,46.75893,1.1836638,184.21722,35.49512,0.06928734,-0.26627362,0.06928734
01G0QN0SRDKEQ69PZTD2S0D1RX,2022-04-15 22:20:40.487460,46.753105,1.2510048,184.21242,34.73359,0.06776329,-0.15240459,0.06776329
01G0QN0SRDKEQ69PZTD2S0D1RX,2022-04-15 22:20:40.497460,46.745827,1.3189356,184.2017,33.451668,0.06915501,0.13917176,0.06915501
01G0QN0SRDKEQ69PZTD2S0D1RX,2022-04-15 22:20:40.507460,46.736923,1.3879752,184.18878,32.40052,0.07080071,0.16457032,0.07080071
01G0QN0SRDKEQ69PZTD2S0D1RX,2022-04-15 22:20:40.517460,46.72758,1.4589821,184.16805,32.126926,0.074561395,0.37606815,0.074561395
01G0QN0SRDKEQ69PZTD2S0D1RX,2022-04-15 22:20:40.527460,46.719875,1.5332892,184.156,33.166126,0.0756676,0.11062053,0.0756676
01G0QN0SRDKEQ69PZTD2S0D1RX,2022-04-15 22:20:40.537460,46.71336,1.6099005,184.15085,34.27288,0.07706102,0.13934226,0.07706102
01G0QN0SRDKEQ69PZTD2S0D1RX,2022-04-15 22:20:40.547460,46.70791,1.6895801,184.1523,34.80652,0.079879284,0.2818265,0.079879284
01G0QN0SRDKEQ69PZTD2S0D1RX,2022-04-15 22:20:40.557460,46.701714,1.7721407,184.15529,35.49401,0.08284676,0.29674757,0.08284676
01G0QN0SRDKEQ69PZTD2S0D1RX,2022-04-15 22:20:40.567461,46.69309,1.8575969,184.15176,35.8634,0.08595403,0.31069598,0.08596262
01G0QN0SRDKEQ69PZTD2S0D1RX,2022-04-15 22:20:40.577461,46.682144,1.9466267,184.14148,36.5041,0.09028792,0.43338886,0.09028792
01G0QN0SRDKEQ69PZTD2S0D1RX,2022-04-15 22:20:40.587461,46.67634,2.0376575,184.14944,36.236828,0.091562696,0.12747793,0.091562696
01G0QN0SRDKEQ69PZTD2S0D1RX,2022-04-15 22:20:40.597461,46.66569,2.1300004,184.14056,34.4536,0.093378365,0.18156627,0.093378365
01G0QN0SRDKEQ69PZTD2S0D1RX,2022-04-15 22:20:40.607461,46.656296,2.223301,184.13434,33.59811,0.09397888,0.060052376,0.09397888
01G0QN0SRDKEQ69PZTD2S0D1RX,2022-04-15 22:20:40.617461,46.650547,2.316946,184.14894,33.855988,0.09495256,0.09736721,0.09495256
01G0QN0SRDKEQ69PZTD2S0D1RX,2022-04-15 22:20:40.637461,46.645172,2.4151673,184.16682,34.43425,0.049989887,-2.2481337,0.09997977
01G0QN0SRDKEQ69PZTD2S0D1RX,2022-04-15 22:20:40.647461,46.63494,2.5166583,184.17001,35.688637,0.10205489,5.2065005,0.10205489
01G0QN0SRDKEQ69PZTD2S0D1RX,2022-04-15 22:20:40.657461,46.62046,2.6207545,184.15762,35.637543,0.10582516,0.3770272,0.10582516
01G0QN0SRDKEQ69PZTD2S0D1RX,2022-04-15 22:20:40.667461,46.607212,2.727964,184.1483,36.400394,0.10842745,0.26022848,0.10842745
01G0QN0SRDKEQ69PZTD2S0D1RX,2022-04-15 22:20:40.677461,46.594273,2.8388443,184.14534,37.382374,0.111672044,0.32445988,0.111672044
01G0QN0SRDKEQ69PZTD2S0D1RX,2022-04-15 22:20:40.687461,46.58527,2.952917,184.15945,37.792076,0.115294605,0.36225596,0.115294605
01G0QN0SRDKEQ69PZTD2S0D1RX,2022-04-15 22:20:40.697461,46.57252,3.0689864,184.16562,37.39423,0.11692976,0.16351558,0.11692976
01G0QN0SRDKEQ69PZTD2S0D1RX,2022-04-15 22:20:40.707461,46.563915,3.1883264,184.18454,35.195995,0.12113616,0.42063946,0.12113616
01G0QN0SRDKEQ69PZTD2S0D1RX,2022-04-15 22:20:40.717461,46.552998,3.3092835,184.20036,34.06317,0.122475,0.13388431,0.122475
01G0QN0SRDKEQ69PZTD2S0D1RX,2022-04-15 22:20:40.727461,46.539455,3.430245,184.20248,33.594162,0.12173578,-0.07392161,0.12173578
01G0QN0SRDKEQ69PZTD2S0D1RX,2022-04-15 22:20:40.737461,46.524952,3.5455542,184.19815,33.93885,0.116298385,-0.54373944,0.116298385
01G0QN0SRDKEQ69PZTD2S0D1RX,2022-04-15 22:20:40.747461,46.513306,3.657318,184.20383,34.478397,0.112512946,-0.37854445,0.112512946
01G0QN0SRDKEQ69PZTD2S0D1RX,2022-04-15 22:20:40.757461,46.504646,3.7660894,184.22202,35.243126,0.110620745,-0.1892196,0.110620745
01G0QN0SRDKEQ69PZTD2S0D1RX,2022-04-15 22:20:40.767461,46.490265,3.8712535,184.21748,36.085712,0.1062398,-0.4380947,0.1062398
01G0QN0SRDKEQ69PZTD2S0D1RX,2022-04-15 22:20:40.777461,46.47402,3.9740732,184.2038,36.881126,0.10499102,-0.1248782,0.10499102
01G0QN0SRDKEQ69PZTD2S0D1RX,2022-04-15 22:20:40.787461,46.458008,4.0764995,184.19191,37.61529,0.10435004,-0.064097896,0.10435004
01G0QN0SRDKEQ69PZTD2S0D1RX,2022-04-15 22:20:40.797462,46.444504,4.182214,184.19482,36.493896,0.106602006,0.2251742,0.10661267
01G0QN0SRDKEQ69PZTD2S0D1RX,2022-04-15 22:20:40.807462,46.427193,4.290521,184.18773,34.672386,0.10991159,0.33095816,0.10991159
01G0QN0SRDKEQ69PZTD2S0D1RX,2022-04-15 22:20:40.817462,46.411083,4.40203,184.19011,34.17897,0.11269178,0.27801946,0.11269178
01G0QN0SRDKEQ69PZTD2S0D1RX,2022-04-15 22:20:40.827462,46.39079,4.518564,184.184,34.55526,0.11844534,0.5753554,0.11844534
01G0QN0SRDKEQ69PZTD2S0D1RX,2022-04-15 22:20:40.837462,46.36682,4.6395383,184.17117,35.632275,0.1239908,0.5545461,0.1239908
01G0QN0SRDKEQ69PZTD2S0D1RX,2022-04-15 22:20:40.847462,46.346416,4.7638655,184.16402,35.98291,0.12619397,0.2203175,0.12619397
01G0QN0SRDKEQ69PZTD2S0D1RX,2022-04-15 22:20:40.857462,46.326485,4.891567,184.16364,36.72048,0.12924843,0.30544448,0.12924843
01G0QN0SRDKEQ69PZTD2S0D1RX,2022-04-15 22:20:40.867462,46.310852,5.0200567,184.18295,37.168343,0.13087024,0.16218144,0.13087024
01G0QN0SRDKEQ69PZTD2S0D1RX,2022-04-15 22:20:40.877462,46.29089,5.145945,184.18759,37.35023,0.1275454,-0.33248353,0.1275454
01G0QN0SRDKEQ69PZTD2S0D1RX,2022-04-15 22:20:40.887462,46.273163,5.269684,184.19543,37.717957,0.12524836,-0.22970387,0.12524836
01G0QN0SRDKEQ69PZTD2S0D1RX,2022-04-15 22:20:40.897462,46.24989,5.390307,184.17989,36.362816,0.123828195,-0.1420163,0.123828195
01G0QN0SRDKEQ69PZTD2S0D1RX,2022-04-15 22:20:40.907462,46.229477,5.510186,184.184,34.745926,0.12167444,-0.21537526,0.12167444
01G0QN0SRDKEQ69PZTD2S0D1RX,2022-04-15 22:20:40.917462,46.20843,5.6306176,184.17894,34.41491,0.12236197,0.06875318,0.12236197
01G0QN0SRDKEQ69PZTD2S0D1RX,2022-04-15 22:20:40.927462,46.188507,5.752656,184.18517,35.094437,0.12381132,0.14493439,0.12381132
01G0QN0SRDKEQ69PZTD2S0D1RX,2022-04-15 22:20:40.937462,46.16922,5.877985,184.19131,35.440647,0.12695307,0.31417426,0.12695307
01G0QN0SRDKEQ69PZTD2S0D1RX,2022-04-15 22:20:40.947462,46.141514,6.006301,184.18506,36.6595,0.1314221,0.44690475,0.1314221
01G0QN0SRDKEQ69PZTD2S0D1RX,2022-04-15 22:20:40.957462,46.113445,6.1360264,184.17944,37.337677,0.13284615,0.14240366,0.13284615
01G0QN0SRDKEQ69PZTD2S0D1RX,2022-04-15 22:20:40.967462,46.08294,6.267525,184.16087,36.88478,0.1362616,0.3415451,0.1362616
01G0QN0SRDKEQ69PZTD2S0D1RX,2022-04-15 22:20:40.977462,46.05745,6.4019823,184.16444,37.59509,0.13689789,0.063629285,0.13689789
01G0QN0SRDKEQ69PZTD2S0D1RX,2022-04-15 22:20:40.987462,46.02911,6.535154,184.16203,37.96558,0.13617517,-0.072271965,0.13617517
01G0QN0SRDKEQ69PZTD2S0D1RX,2022-04-15 22:20:40.997462,46.004333,6.6676636,184.16754,36.380924,0.13491806,-0.12571025,0.13491806
01G0QN0SRDKEQ69PZTD2S0D1RX,2022-04-15 22:20:41.007462,45.973328,6.7978745,184.1482,34.089233,0.13524204,0.032397192,0.13524204
01G0QN0SRDKEQ69PZTD2S0D1RX,2022-04-15 22:20:41.017463,45.947372,6.9280615,184.15475,33.610523,0.1328986,-0.23432006,0.13291189
01G0QN0SRDKEQ69PZTD2S0D1RX,2022-04-15 22:20:41.027463,45.920746,7.05808,184.15715,34.7437,0.13273787,-0.016072456,0.13273787
01G0QN0SRDKEQ69PZTD2S0D1RX,2022-04-15 22:20:41.037463,45.89102,7.189721,184.15712,35.212414,0.13495594,0.22180691,0.13495594
01G0QN0SRDKEQ69PZTD2S0D1RX,2022-04-15 22:20:41.047463,45.86319,7.3254566,184.16113,36.245087,0.13861692,0.36609668,0.13861692
01G0QN0SRDKEQ69PZTD2S0D1RX,2022-04-15 22:20:41.057463,45.830997,7.468145,184.1606,36.952023,0.1462762,0.765929,0.1462762
01G0QN0SRDKEQ69PZTD2S0D1RX,2022-04-15 22:20:41.067463,45.800777,7.618673,184.17694,37.322006,0.1543974,0.81211865,0.1543974
01G0QN0SRDKEQ69PZTD2S0D1RX,2022-04-15 22:20:41.077463,45.76667,7.7743654,184.1817,37.495136,0.15945633,0.50589395,0.15945633
01G0QN0SRDKEQ69PZTD2S0D1RX,2022-04-15 22:20:41.087463,45.72577,7.9350286,184.171,36.733612,0.16613209,0.6675753,0.16613209
01G0QN0SRDKEQ69PZTD2S0D1RX,2022-04-15 22:20:41.097463,45.685047,8.097763,184.1649,36.325943,0.16786315,0.1731063,0.16786315
01G0QN0SRDKEQ69PZTD2S0D1RX,2022-04-15 22:20:41.107463,45.6503,8.260838,184.18044,35.005245,0.16745831,-0.040484324,0.16745831
01G0QN0SRDKEQ69PZTD2S0D1RX,2022-04-15 22:20:41.117463,45.607635,8.418612,184.167,33.965084,0.16399105,-0.34672493,0.16399105
01G0QN0SRDKEQ69PZTD2S0D1RX,2022-04-15 22:20:41.127463,45.566994,8.571153,184.1537,33.841934,0.15842342,-0.55676365,0.15842342
01G0QN0SRDKEQ69PZTD2S0D1RX,2022-04-15 22:20:41.137463,45.53139,8.7178,184.15633,33.940067,0.15092982,-0.74936,0.15092982
01G0QN0SRDKEQ69PZTD2S0D1RX,2022-04-15 22:20:41.147463,45.495514,8.859252,184.15442,35.04268,0.14594299,-0.4986826,0.14594299
01G0QN0SRDKEQ69PZTD2S0D1RX,2022-04-15 22:20:41.157463,45.459824,8.997803,184.15305,36.217693,0.14308017,-0.28628224,0.14308017
01G0QN0SRDKEQ69PZTD2S0D1RX,2022-04-15 22:20:41.167463,45.41919,9.136893,184.143,36.57153,0.14525168,0.21715042,0.14525168
01G0QN0SRDKEQ69PZTD2S0D1RX,2022-04-15 22:20:41.177463,45.381,9.282017,184.1537,37.319794,0.15044466,0.5192982,0.15044466
01G0QN0SRDKEQ69PZTD2S0D1RX,2022-04-15 22:20:41.187463,45.338108,9.432326,184.15285,37.47883,0.1563114,0.5866742,0.1563114
01G0QN0SRDKEQ69PZTD2S0D1RX,2022-04-15 22:20:41.197463,45.290104,9.589872,184.14645,35.808212,0.16482258,0.8511175,0.16482258
01G0QN0SRDKEQ69PZTD2S0D1RX,2022-04-15 22:20:41.207463,45.242233,9.752559,184.14784,35.71049,0.16958845,0.47658697,0.16958845
01G0QN0SRDKEQ69PZTD2S0D1RX,2022-04-15 22:20:41.217463,45.19314,9.920793,184.15054,35.608974,0.17527176,0.56833255,0.17527176
01G0QN0SRDKEQ69PZTD2S0D1RX,2022-04-15 22:20:41.227463,45.143044,10.091028,184.1541,35.679344,0.17748891,0.22171319,0.17748891
01G0QN0SRDKEQ69PZTD2S0D1RX,2022-04-15 22:20:41.237463,45.087925,10.260624,184.13998,36.386272,0.17888516,0.13962561,0.17888516
01G0QN0SRDKEQ69PZTD2S0D1RX,2022-04-15 22:20:41.247464,45.034676,10.428699,184.13452,36.900867,0.17637539,-0.25095227,0.17639302
01G0QN0SRDKEQ69PZTD2S0D1RX,2022-04-15 22:20:41.257464,44.984917,10.592566,184.13086,37.358673,0.17129481,-0.50805813,0.17129481
01G0QN0SRDKEQ69PZTD2S0D1RX,2022-04-15 22:20:41.267464,44.93461,10.750727,184.12071,37.75748,0.16627866,-0.50161356,0.16627866
01G0QN0SRDKEQ69PZTD2S0D1RX,2022-04-15 22:20:41.277464,44.88669,10.905292,184.11374,37.508446,0.16197373,-0.43049365,0.16197373
01G0QN0SRDKEQ69PZTD2S0D1RX,2022-04-15 22:20:41.287464,44.841644,11.057609,184.1241,38.077652,0.15917532,-0.27984142,0.15917532
01G0QN0SRDKEQ69PZTD2S0D1RX,2022-04-15 22:20:41.297464,44.794178,11.209164,184.12848,36.95574,0.1588748,-0.030052207,0.1588748
01G0QN0SRDKEQ69PZTD2S0D1RX,2022-04-15 22:20:41.317464,44.741074,11.375097,184.13522,36.446964,0.08717741,-3.5848691,0.17435482
01G0QN0SRDKEQ69PZTD2S0D1RX,2022-04-15 22:20:41.327464,44.682816,11.548668,184.1358,37.425026,0.1830877,9.59103,0.1830877
01G0QN0SRDKEQ69PZTD2S0D1RX,2022-04-15 22:20:41.337464,44.622086,11.729275,184.13705,37.60629,0.19054833,0.74606264,0.19054833
01G0QN0SRDKEQ69PZTD2S0D1RX,2022-04-15 22:20:41.347464,44.558987,11.916291,184.13889,37.925156,0.1973829,0.6834556,0.1973829
01G0QN0SRDKEQ69PZTD2S0D1RX,2022-04-15 22:20:41.357464,44.491783,12.107517,184.14201,38.157887,0.2027146,0.53317213,0.2027146
01G0QN0SRDKEQ69PZTD2S0D1RX,2022-04-15 22:20:41.367464,44.423634,12.303124,184.15118,38.114803,0.20734252,0.46279055,0.20734252
01G0QN0SRDKEQ69PZTD2S0D1RX,2022-04-15 22:20:41.377464,44.353806,12.501057,184.1579,38.35003,0.20999607,0.26535502,0.20999607
01G0QN0SRDKEQ69PZTD2S0D1RX,2022-04-15 22:20:41.387464,44.27767,12.697969,184.14764,38.532234,0.21136773,0.13716623,0.21136773
01G0QN0SRDKEQ69PZTD2S0D1RX,2022-04-15 22:20:41.397464,44.20276,12.89558,184.1393,38.847645,0.21149752,0.012978694,0.21149752
01G0QN0SRDKEQ69PZTD2S0D1RX,2022-04-15 22:20:41.407464,44.12848,13.093209,184.13773,37.910767,0.21113405,-0.036347423,0.21113405
01G0QN0SRDKEQ69PZTD2S0D1RX,2022-04-15 22:20:41.417464,44.053246,13.278116,184.12257,36.786755,0.20019934,-1.0934712,0.20019934
01G0QN0SRDKEQ69PZTD2S0D1RX,2022-04-15 22:20:41.427464,43.984028,13.459246,184.12485,36.740757,0.19391768,-0.62816614,0.19391768
01G0QN0SRDKEQ69PZTD2S0D1RX,2022-04-15 22:20:41.437464,43.91346,13.639163,184.1274,37.270752,0.19327873,-0.063893385,0.19327873
01G0QN0SRDKEQ69PZTD2S0D1RX,2022-04-15 22:20:41.447464,43.839233,13.81756,184.12073,37.92638,0.19333856,0.005982961,0.19333856
01G0QN0SRDKEQ69PZTD2S0D1RX,2022-04-15 22:20:41.457464,43.768726,13.998747,184.12805,37.806587,0.19456002,0.12214546,0.19456002
01G0QN0SRDKEQ69PZTD2S0D1RX,2022-04-15 22:20:41.467464,43.692192,14.180962,184.12027,38.054554,0.19778758,0.32275587,0.19778758
01G0QN0SRDKEQ69PZTD2S0D1RX,2022-04-15 22:20:41.477465,43.61606,14.363535,184.11975,38.148785,0.1977931,0.00055172463,0.19781287
01G0QN0SRDKEQ69PZTD2S0D1RX,2022-04-15 22:20:41.487465,43.5428,14.546307,184.12863,37.915806,0.1971073,-0.06858033,0.1971073
01G0QN0SRDKEQ69PZTD2S0D1RX,2022-04-15 22:20:41.497465,43.467525,14.7298975,184.1387,37.5422,0.1986785,0.15712018,0.1986785
01G0QN0SRDKEQ69PZTD2S0D1RX,2022-04-15 22:20:41.507465,43.38553,14.91091,184.12698,36.858974,0.19906339,0.03848996,0.19906339
01G0QN0SRDKEQ69PZTD2S0D1RX,2022-04-15 22:20:41.517465,43.307003,15.09337,184.1286,35.534927,0.19864723,-0.041617084,0.19864723
01G0QN0SRDKEQ69PZTD2S0D1RX,2022-04-15 22:20:41.527465,43.224957,15.274727,184.11842,35.663467,0.19931227,0.06650477,0.19931227
01G0QN0SRDKEQ69PZTD2S0D1RX,2022-04-15 22:20:41.537465,43.138294,15.455687,184.10178,36.634308,0.20133038,0.20181143,0.20133038
01G0QN0SRDKEQ69PZTD2S0D1RX,2022-04-15 22:20:41.547465,43.055977,15.639668,184.10846,37.542393,0.20166793,0.033754874,0.20166793
01G0QN0SRDKEQ69PZTD2S0D1RX,2022-04-15 22:20:41.557465,42.97007,15.823414,184.1038,37.59626,0.2028899,0.12219723,0.2028899
01G0QN0SRDKEQ69PZTD2S0D1RX,2022-04-15 22:20:41.567465,42.884384,16.006992,184.10287,37.924984,0.20259249,-0.029741075,0.20259249
01G0QN0SRDKEQ69PZTD2S0D1RX,2022-04-15 22:20:41.577465,42.794098,16.189507,184.088,37.651474,0.20416853,0.15760353,0.20416853
01G0QN0SRDKEQ69PZTD2S0D1RX,2022-04-15 22:20:41.587465,42.70151,16.373676,184.07654,38.151947,0.20645091,0.22823736,0.20645091
01G0QN0SRDKEQ69PZTD2S0D1RX,2022-04-15 22:20:41.597465,42.612576,16.559444,184.08112,38.190903,0.2060107,-0.044020843,0.2060107
01G0QN0SRDKEQ69PZTD2S0D1RX,2022-04-15 22:20:41.607465,42.521145,16.746016,184.0781,36.938118,0.20779288,0.17821819,0.20779288
01G0QN0SRDKEQ69PZTD2S0D1RX,2022-04-15 22:20:41.617465,42.42736,16.934914,184.08339,35.894516,0.21096277,0.3169895,0.21096277
01G0QN0SRDKEQ69PZTD2S0D1RX,2022-04-15 22:20:41.627465,42.3311,17.12681,184.08778,36.269653,0.21473373,0.3770959,0.21473373
01G0QN0SRDKEQ69PZTD2S0D1RX,2022-04-15 22:20:41.637465,42.232567,17.320856,184.08897,36.769,0.21763238,0.28986523,0.21763238
01G0QN0SRDKEQ69PZTD2S0D1RX,2022-04-15 22:20:41.647465,42.1294,17.517849,184.08505,37.17184,0.22240761,0.47752288,0.22240761
01G0QN0SRDKEQ69PZTD2S0D1RX,2022-04-15 22:20:41.657465,42.019264,17.716087,184.07172,37.53824,0.22716832,0.47607103,0.22716832
01G0QN0SRDKEQ69PZTD2S0D1RX,2022-04-15 22:20:41.667465,41.908276,17.916365,184.05847,36.882217,0.22935735,0.21890248,0.22935735
01G0QN0SRDKEQ69PZTD2S0D1RX,2022-04-15 22:20:41.677465,41.80489,18.121246,184.08278,37.723064,0.23077324,0.14158979,0.23077324
01G0QN0SRDKEQ69PZTD2S0D1RX,2022-04-15 22:20:41.687465,41.69674,18.32227,184.08939,38.003475,0.22836588,-0.24073657,0.22836588
01G0QN0SRDKEQ69PZTD2S0D1RX,2022-04-15 22:20:41.697465,41.580986,18.517979,184.06346,37.87502,0.22884908,0.04832026,0.22884908
01G0QN0SRDKEQ69PZTD2S0D1RX,2022-04-15 22:20:41.707466,41.472267,18.713926,184.06804,36.971817,0.224113,-0.4735612,0.22413541
01G0QN0SRDKEQ69PZTD2S0D1RX,2022-04-15 22:20:41.717466,41.36114,18.906208,184.06061,35.171803,0.22220694,-0.19060664,0.22220694
01G0QN0SRDKEQ69PZTD2S0D1RX,2022-04-15 22:20:41.727466,41.251312,19.095959,184.06068,35.935493,0.21924552,-0.2961414,0.21924552
01G0QN0SRDKEQ69PZTD2S0D1RX,2022-04-15 22:20:41.737466,41.14044,19.284967,184.05959,36.69824,0.2191287,-0.011682639,0.2191287
01G0QN0SRDKEQ69PZTD2S0D1RX,2022-04-15 22:20:41.747466,41.02636,19.473856,184.04971,37.090702,0.22088656,0.17578644,0.22088656
01G0QN0SRDKEQ69PZTD2S0D1RX,2022-04-15 22:20:41.757466,40.912346,19.665258,184.04198,38.007046,0.222921,0.20344476,0.222921
01G0QN0SRDKEQ69PZTD2S0D1RX,2022-04-15 22:20:41.767466,40.794346,19.85831,184.03435,38.424652,0.22638711,0.3466109,0.22638711
01G0QN0SRDKEQ69PZTD2S0D1RX,2022-04-15 22:20:41.777466,40.668484,20.052738,184.01068,38.765438,0.23281662,0.64295155,0.23281662
01G0QN0SRDKEQ69PZTD2S0D1RX,2022-04-15 22:20:41.787466,40.54047,20.250755,183.98856,37.802876,0.23682898,0.401236,0.23682898
01G0QN0SRDKEQ69PZTD2S0D1RX,2022-04-15 22:20:41.797466,40.41685,20.452574,183.99553,38.071938,0.23677237,-0.0056618894,0.23677237
01G0QN0SRDKEQ69PZTD2S0D1RX,2022-04-15 22:20:41.807466,40.290375,20.651604,183.98938,36.996464,0.2358966,-0.087576725,0.2358966
01G0QN0SRDKEQ69PZTD2S0D1RX,2022-04-15 22:20:41.817466,40.163578,20.849852,183.98521,35.673904,0.2353657,-0.05308965,0.2353657
01G0QN0SRDKEQ69PZTD2S0D1RX,2022-04-15 22:20:41.827466,40.03562,21.046799,183.98074,35.87392,0.23490584,-0.0459868,0.23490584
01G0QN0SRDKEQ69PZTD2S0D1RX,2022-04-15 22:20:41.837466,39.910088,21.243004,183.98846,36.681263,0.23305595,-0.18498936,0.23305595
01G0QN0SRDKEQ69PZTD2S0D1RX,2022-04-15 22:20:41.847466,39.785427,21.439478,184.00296,36.763363,0.23313646,0.0080520185,0.23313646
01G0QN0SRDKEQ69PZTD2S0D1RX,2022-04-15 22:20:41.857466,39.655117,21.635487,184.01274,37.202812,0.23557483,0.24383596,0.23557483
01G0QN0SRDKEQ69PZTD2S0D1RX,2022-04-15 22:20:41.867466,39.52262,21.832409,184.0248,37.880745,0.23765273,0.20779088,0.23765273
01G0QN0SRDKEQ69PZTD2S0D1RX,2022-04-15 22:20:41.877466,39.384975,22.031458,184.02502,38.0141,0.24200588,0.4353151,0.24200588
01G0QN0SRDKEQ69PZTD2S0D1RX,2022-04-15 22:20:41.887466,39.24611,22.234297,184.03522,37.88764,0.24603164,0.4025756,0.24603164
01G0QN0SRDKEQ69PZTD2S0D1RX,2022-04-15 22:20:41.897466,39.097,22.43563,184.01756,37.824234,0.2511588,0.512715,0.2511588
01G0QN0SRDKEQ69PZTD2S0D1RX,2022-04-15 22:20:41.907466,38.947777,22.640224,184.01042,36.866013,0.2533332,0.21744245,0.2533332
01G0QN0SRDKEQ69PZTD2S0D1RX,2022-04-15 22:20:41.917466,38.798977,22.843237,184.00926,36.133472,0.25170666,-0.16265543,0.25170666
01G0QN0SRDKEQ69PZTD2S0D1RX,2022-04-15 22:20:41.927467,38.65239,23.044458,184.01476,35.505116,0.2489892,-0.27171996,0.2490141
01G0QN0SRDKEQ69PZTD2S0D1RX,2022-04-15 22:20:41.937467,38.50671,23.239826,184.01138,36.15288,0.24372555,-0.526363,0.24372555
01G0QN0SRDKEQ69PZTD2S0D1RX,2022-04-15 22:20:41.947467,38.36101,23.425833,183.99445,36.706554,0.236882,-0.684356,0.236882
01G0QN0SRDKEQ69PZTD2S0D1RX,2022-04-15 22:20:41.957467,38.221504,23.60887,183.99178,37.350998,0.23015647,-0.67255354,0.23015647
01G0QN0SRDKEQ69PZTD2S0D1RX,2022-04-15 22:20:41.967467,38.081017,23.788504,183.98431,37.1277,0.22816902,-0.19874361,0.22816902
01G0QN0SRDKEQ69PZTD2S0D1RX,2022-04-15 22:20:41.977467,37.940536,23.967316,183.98277,37.609497,0.22740246,-0.076656505,0.22740246
01G0QN0SRDKEQ69PZTD2S0D1RX,2022-04-15 22:20:41.987467,37.797436,24.143644,183.97328,37.288,0.22728637,-0.011608737,0.22728637
01G0QN0SRDKEQ69PZTD2S0D1RX,2022-04-15 22:20:41.997467,37.65504,24.323463,183.9796,38.156403,0.22945802,0.2171648,0.22945802
01G0QN0SRDKEQ69PZTD2S0D1RX,2022-04-15 22:20:42.007467,37.508717,24.506403,183.99213,36.9935,0.23459418,0.5136162,0.23459418
01G0QN0SRDKEQ69PZTD2S0D1RX,2022-04-15 22:20:42.017467,37.357464,24.691763,183.99445,35.67639,0.23924941,0.46552253,0.23924941
01G0QN0SRDKEQ69PZTD2S0D1RX,2022-04-15 22:20:42.027467,37.20217,24.876825,183.99126,35.79155,0.24160965,0.2360232,0.24160965
01G0QN0SRDKEQ69PZTD2S0D1RX,2022-04-15 22:20:42.037467,37.042854,25.060928,183.98032,36.60362,0.24371156,0.21019126,0.24371156
01G0QN0SRDKEQ69PZTD2S0D1RX,2022-04-15 22:20:42.047467,36.884018,25.247023,183.97952,37.744194,0.24466416,0.095261276,0.24466416
01G0QN0SRDKEQ69PZTD2S0D1RX,2022-04-15 22:20:42.057467,36.725445,25.430367,183.97514,38.178005,0.24244434,-0.2219825,0.24244434
01G0QN0SRDKEQ69PZTD2S0D1RX,2022-04-15 22:20:42.067467,36.570816,25.61171,183.97968,38.45449,0.23836309,-0.40812528,0.23836309
01G0QN0SRDKEQ69PZTD2S0D1RX,2022-04-15 22:20:42.077467,36.41509,25.787115,183.97557,38.657516,0.23459321,-0.37698814,0.23459321
01G0QN0SRDKEQ69PZTD2S0D1RX,2022-04-15 22:20:42.087467,36.258995,25.963572,183.97908,38.75911,0.23561628,0.10230805,0.23561628
01G0QN0SRDKEQ69PZTD2S0D1RX,2022-04-15 22:20:42.097467,36.102364,26.140375,183.98666,38.497597,0.23632711,0.071082994,0.23632711
01G0QN0SRDKEQ69PZTD2S0D1RX,2022-04-15 22:20:42.107467,35.93905,26.312998,183.97113,37.431835,0.23813811,0.18109924,0.23813811
01G0QN0SRDKEQ69PZTD2S0D1RX,2022-04-15 22:20:42.117467,35.77463,26.489376,183.9697,36.306217,0.24113348,0.29953682,0.24113348
01G0QN0SRDKEQ69PZTD2S0D1RX,2022-04-15 22:20:42.127467,35.605198,26.666048,183.95871,36.498466,0.24503377,0.39002916,0.24503377
01G0QN0SRDKEQ69PZTD2S0D1RX,2022-04-15 22:20:42.137467,35.435772,26.845295,183.9584,37.210262,0.24664748,0.16137044,0.24664748
01G0QN0SRDKEQ69PZTD2S0D1RX,2022-04-15 22:20:42.147467,35.265324,27.024687,183.9608,37.455902,0.24746619,0.08187135,0.24746619
01G0QN0SRDKEQ69PZTD2S0D1RX,2022-04-15 22:20:42.157468,35.09454,27.202122,183.96379,38.076717,0.24626565,-0.12004263,0.24629027
01G0QN0SRDKEQ69PZTD2S0D1RX,2022-04-15 22:20:42.167468,34.92459,27.376595,183.96681,38.04094,0.24358362,-0.2682025,0.24358362
01G0QN0SRDKEQ69PZTD2S0D1RX,2022-04-15 22:20:42.177468,34.75695,27.547155,183.97362,38.13511,0.23924989,-0.43337262,0.23924989
01G0QN0SRDKEQ69PZTD2S0D1RX,2022-04-15 22:20:42.187468,34.59102,27.711226,183.97223,38.265564,0.23335354,-0.58963555,0.23335354
01G0QN0SRDKEQ69PZTD2S0D1RX,2022-04-15 22:20:42.197468,34.424038,27.870037,183.95586,38.337097,0.23102392,-0.232962,0.23102392
01G0QN0SRDKEQ69PZTD2S0D1RX,2022-04-15 22:20:42.207468,34.262135,28.030283,183.95805,37.079723,0.22780737,-0.32165483,0.22780737
01G0QN0SRDKEQ69PZTD2S0D1RX,2022-04-15 22:20:42.217468,34.09694,28.184996,183.94403,36.01579,0.2267651,-0.104226634,0.2267651
01G0QN0SRDKEQ69PZTD2S0D1RX,2022-04-15 22:20:42.227468,33.93168,28.341621,183.93997,36.310635,0.22772501,0.09599087,0.22772501
01G0QN0SRDKEQ69PZTD2S0D1RX,2022-04-15 22:20:42.237468,33.76349,28.501701,183.94405,36.987514,0.23222718,0.4502166,0.23222718
01G0QN0SRDKEQ69PZTD2S0D1RX,2022-04-15 22:20:42.247468,33.588966,28.659735,183.9303,37.46583,0.23584506,0.36178815,0.23584506
01G0QN0SRDKEQ69PZTD2S0D1RX,2022-04-15 22:20:42.257468,33.410576,28.819582,183.91373,37.734753,0.24009971,0.42546597,0.24009971
01G0QN0SRDKEQ69PZTD2S0D1RX,2022-04-15 22:20:42.267468,33.2272,28.980556,183.89525,38.0189,0.24470794,0.46082214,0.24470794
01G0QN0SRDKEQ69PZTD2S0D1RX,2022-04-15 22:20:42.277468,33.04321,29.143845,183.88313,38.03442,0.24629673,0.15887918,0.24629673
01G0QN0SRDKEQ69PZTD2S0D1RX,2022-04-15 22:20:42.287468,32.860966,29.308697,183.88254,38.232353,0.24574155,-0.05551864,0.24574155
01G0QN0SRDKEQ69PZTD2S0D1RX,2022-04-15 22:20:42.297468,32.678226,29.471252,183.8843,37.69661,0.24458402,-0.11575157,0.24458402
01G0QN0SRDKEQ69PZTD2S0D1RX,2022-04-15 22:20:42.307468,32.49244,29.628284,183.87206,36.82066,0.24356939,-0.10146404,0.24356939
01G0QN0SRDKEQ69PZTD2S0D1RX,2022-04-15 22:20:42.317468,32.309753,29.784958,183.87323,35.72527,0.24067083,-0.2898562,0.24067083
01G0QN0SRDKEQ69PZTD2S0D1RX,2022-04-15 22:20:42.327468,32.127064,29.938215,183.87053,36.23958,0.23847568,-0.2195152,0.23847568
01G0QN0SRDKEQ69PZTD2S0D1RX,2022-04-15 22:20:42.337468,31.943916,30.088518,183.86137,37.0023,0.23710208,-0.13735962,0.23710208
01G0QN0SRDKEQ69PZTD2S0D1RX,2022-04-15 22:20:42.347468,31.761866,30.238699,183.86075,37.502605,0.23600227,-0.10998039,0.23600227
01G0QN0SRDKEQ69PZTD2S0D1RX,2022-04-15 22:20:42.357468,31.577663,30.387592,183.85997,37.855698,0.23685475,0.085247554,0.23685475
01G0QN0SRDKEQ69PZTD2S0D1RX,2022-04-15 22:20:42.367468,31.394226,30.536665,183.86134,38.105553,0.23637678,-0.04779642,0.23637678
01G0QN0SRDKEQ69PZTD2S0D1RX,2022-04-15 22:20:42.377468,31.207949,30.684402,183.85797,37.858257,0.23777422,0.13974446,0.23777422
01G0QN0SRDKEQ69PZTD2S0D1RX,2022-04-15 22:20:42.387469,31.016485,30.830149,183.8432,37.838383,0.24105386,0.32793134,0.24107797
01G0QN0SRDKEQ69PZTD2S0D1RX,2022-04-15 22:20:42.397469,30.827559,30.977497,183.8409,38.257008,0.23960476,-0.14491118,0.23960476
01G0QN0SRDKEQ69PZTD2S0D1RX,2022-04-15 22:20:42.407469,30.641174,31.121834,183.84518,36.739754,0.23577528,-0.38294885,0.23577528
01G0QN0SRDKEQ69PZTD2S0D1RX,2022-04-15 22:20:42.417469,30.452127,31.264734,183.84271,35.827503,0.23699227,0.12170024,0.23699227
01G0QN0SRDKEQ69PZTD2S0D1RX,2022-04-15 22:20:42.427469,30.263306,31.405693,183.83798,35.95171,0.23568001,-0.13122536,0.23568001
01G0QN0SRDKEQ69PZTD2S0D1RX,2022-04-15 22:20:42.437469,30.075579,31.543299,183.83578,36.959312,0.23277006,-0.29099694,0.23277006
01G0QN0SRDKEQ69PZTD2S0D1RX,2022-04-15 22:20:42.447469,29.891253,31.681107,183.844,36.689278,0.2302917,-0.2478354,0.2302917
01G0QN0SRDKEQ69PZTD2S0D1RX,2022-04-15 22:20:42.457469,29.706884,31.81829,183.85097,37.331013,0.229913,-0.037869524,0.229913
01G0QN0SRDKEQ69PZTD2S0D1RX,2022-04-15 22:20:42.467469,29.518251,31.952545,183.84422,37.62477,0.23163024,0.17172283,0.23163024
01G0QN0SRDKEQ69PZTD2S0D1RX,2022-04-15 22:20:42.477469,29.330238,32.088364,183.84698,37.96932,0.23195423,0.03240056,0.23195423
01G0QN0SRDKEQ69PZTD2S0D1RX,2022-04-15 22:20:42.487469,29.137703,32.22244,183.84315,38.119495,0.2346494,0.2695173,0.2346494
01G0QN0SRDKEQ69PZTD2S0D1RX,2022-04-15 22:20:42.497469,28.938862,32.355556,183.82863,37.748756,0.23972753,0.50781244,0.23972753
01G0QN0SRDKEQ69PZTD2S0D1RX,2022-04-15 22:20:42.507469,28.736265,32.49203,183.81668,36.60624,0.24456869,0.48411617,0.24456869
01G0QN0SRDKEQ69PZTD2S0D1RX,2022-04-15 22:20:42.517469,28.532618,32.629593,183.81091,35.95966,0.24582314,0.12544577,0.24582314
01G0QN0SRDKEQ69PZTD2S0D1RX,2022-04-15 22:20:42.527469,28.327942,32.76781,183.81358,36.588478,0.24698682,0.11636741,0.24698682
01G0QN0SRDKEQ69PZTD2S0D1RX,2022-04-15 22:20:42.537469,28.122465,32.90575,183.82065,36.96148,0.24758512,0.05982912,0.24758512
01G0QN0SRDKEQ69PZTD2S0D1RX,2022-04-15 22:20:42.547469,27.915367,33.04164,183.82391,37.58033,0.24772272,0.013760442,0.24772272
01G0QN0SRDKEQ69PZTD2S0D1RX,2022-04-15 22:20:42.557469,27.70913,33.171944,183.81729,37.27715,0.24404113,-0.36815885,0.24404113
01G0QN0SRDKEQ69PZTD2S0D1RX,2022-04-15 22:20:42.567469,27.505959,33.29889,183.81465,37.67408,0.23958549,-0.44556394,0.23958549
01G0QN0SRDKEQ69PZTD2S0D1RX,2022-04-15 22:20:42.577469,27.301388,33.420185,183.79659,37.644753,0.23851198,-0.10735116,0.23851198
01G0QN0SRDKEQ69PZTD2S0D1RX,2022-04-15 22:20:42.587469,27.102716,33.538403,183.7866,37.43168,0.23139861,-0.71133626,0.23139861
01G0QN0SRDKEQ69PZTD2S0D1RX,2022-04-15 22:20:42.597469,26.907131,33.657135,183.78603,37.193214,0.2288045,-0.25941148,0.2288045
01G0QN0SRDKEQ69PZTD2S0D1RX,2022-04-15 22:20:42.607470,26.709576,33.77336,183.78519,36.099735,0.22918712,0.0382567,0.22921003
01G0QN0SRDKEQ69PZTD2S0D1RX,2022-04-15 22:20:42.617470,26.510494,33.889862,183.78412,35.723465,0.2306664,0.14792962,0.2306664
01G0QN0SRDKEQ69PZTD2S0D1RX,2022-04-15 22:20:42.627470,26.30761,34.00405,183.77406,36.321175,0.23303087,0.23644662,0.23303087
01G0QN0SRDKEQ69PZTD2S0D1RX,2022-04-15 22:20:42.637470,26.103188,34.119102,183.76453,36.601383,0.23476657,0.17357056,0.23476657
01G0QN0SRDKEQ69PZTD2S0D1RX,2022-04-15 22:20:42.647470,25.893581,34.23301,183.74783,37.344833,0.23914193,0.43753535,0.23914193
01G0QN0SRDKEQ69PZTD2S0D1RX,2022-04-15 22:20:42.657470,25.682592,34.346645,183.73732,37.621426,0.23987454,0.07326064,0.23987454
01G0QN0SRDKEQ69PZTD2S0D1RX,2022-04-15 22:20:42.667470,25.47276,34.46037,183.73273,37.92548,0.23871168,-0.11628568,0.23871168
01G0QN0SRDKEQ69PZTD2S0D1RX,2022-04-15 22:20:42.677470,25.265724,34.575066,183.7368,37.40654,0.23672052,-0.19911645,0.23672052
01G0QN0SRDKEQ69PZTD2S0D1RX,2022-04-15 22:20:42.687470,25.058298,34.688305,183.74051,37.997158,0.23635148,-0.036904093,0.23635148
01G0QN0SRDKEQ69PZTD2S0D1RX,2022-04-15 22:20:42.697470,24.85225,34.798973,183.74408,38.416046,0.23391634,-0.24351384,0.23391634
01G0QN0SRDKEQ69PZTD2S0D1RX,2022-04-15 22:20:42.707470,24.647936,34.90664,183.7453,37.268578,0.23094776,-0.29685712,0.23094776
01G0QN0SRDKEQ69PZTD2S0D1RX,2022-04-15 22:20:42.717470,24.441082,35.01184,183.74219,35.852604,0.23208952,0.114175,0.23208952
01G0QN0SRDKEQ69PZTD2S0D1RX,2022-04-15 22:20:42.727470,24.231577,35.1189,183.74309,36.14715,0.23527642,0.31869027,0.23527642
01G0QN0SRDKEQ69PZTD2S0D1RX,2022-04-15 22:20:42.737470,24.017904,35.225372,183.74269,36.950367,0.2387297,0.34532762,0.2387297
01G0QN0SRDKEQ69PZTD2S0D1RX,2022-04-15 22:20:42.747470,23.801125,35.33088,183.73724,37.447647,0.24115446,0.24247669,0.24115446
01G0QN0SRDKEQ69PZTD2S0D1RX,2022-04-15 22:20:42.757470,23.579195,35.438004,183.72935,37.163216,0.2465556,0.5401136,0.2465556
01G0QN0SRDKEQ69PZTD2S0D1RX,2022-04-15 22:20:42.767470,23.354082,35.547874,183.72966,37.402153,0.25049645,0.39408514,0.25049645
01G0QN0SRDKEQ69PZTD2S0D1RX,2022-04-15 22:20:42.777470,23.127373,35.6523,183.72462,37.420475,0.24965535,-0.08411045,0.24965535
01G0QN0SRDKEQ69PZTD2S0D1RX,2022-04-15 22:20:42.787470,22.904171,35.755936,183.72594,37.17644,0.24609047,-0.3564872,0.24609047
01G0QN0SRDKEQ69PZTD2S0D1RX,2022-04-15 22:20:42.797470,22.682486,35.853638,183.71683,36.51997,0.24243112,-0.36593542,0.24243112
01G0QN0SRDKEQ69PZTD2S0D1RX,2022-04-15 22:20:42.807470,22.46527,35.950325,183.71278,35.686504,0.23779798,-0.46331415,0.23779798
01G0QN0SRDKEQ69PZTD2S0D1RX,2022-04-15 22:20:42.817470,22.251326,36.039246,183.69302,36.178303,0.23252797,-0.52700067,0.23252797
01G0QN0SRDKEQ69PZTD2S0D1RX,2022-04-15 22:20:42.827470,22.041431,36.126755,183.67902,36.480904,0.22783741,-0.4690556,0.22783741
01G0QN0SRDKEQ69PZTD2S0D1RX,2022-04-15 22:20:42.837471,21.831387,36.21094,183.65295,37.28021,0.2277592,-0.007821116,0.22778197
01G0QN0SRDKEQ69PZTD2S0D1RX,2022-04-15 22:20:42.847471,21.62273,36.29763,183.64224,37.02231,0.22620389,-0.15553096,0.22620389
01G0QN0SRDKEQ69PZTD2S0D1RX,2022-04-15 22:20:42.857471,21.41405,36.38353,183.64236,37.299294,0.22566955,-0.053433772,0.22566955
01G0QN0SRDKEQ69PZTD2S0D1RX,2022-04-15 22:20:42.867471,21.200504,36.465973,183.63365,37.08691,0.22907148,0.34019312,0.22907148
01G0QN0SRDKEQ69PZTD2S0D1RX,2022-04-15 22:20:42.877471,20.982634,36.553593,183.63165,37.638573,0.23483755,0.57660645,0.23483755
01G0QN0SRDKEQ69PZTD2S0D1RX,2022-04-15 22:20:42.887471,20.759455,36.639088,183.61876,37.665268,0.23934337,0.4505834,0.23934337
01G0QN0SRDKEQ69PZTD2S0D1RX,2022-04-15 22:20:42.897471,20.535383,36.727386,183.62169,37.97774,0.24085814,0.15147595,0.24085814
01G0QN0SRDKEQ69PZTD2S0D1RX,2022-04-15 22:20:42.907471,20.30994,36.812523,183.61513,36.61276,0.24107271,0.021457873,0.24107271
01G0QN0SRDKEQ69PZTD2S0D1RX,2022-04-15 22:20:42.917471,20.084509,36.899757,183.62186,35.53243,0.24181531,0.074259736,0.24181531
01G0QN0SRDKEQ69PZTD2S0D1RX,2022-04-15 22:20:42.927471,19.86113,36.984344,183.62962,35.59233,0.23898518,-0.2830126,0.23898518
01G0QN0SRDKEQ69PZTD2S0D1RX,2022-04-15 22:20:42.937471,19.639885,37.06738,183.64026,35.962715,0.23655261,-0.24325691,0.23655261
01G0QN0SRDKEQ69PZTD2S0D1RX,2022-04-15 22:20:42.947471,19.418745,37.14809,183.65201,36.62854,0.2357002,-0.0852416,0.2357002
01G0QN0SRDKEQ69PZTD2S0D1RX,2022-04-15 22:20:42.957471,19.196045,37.223682,183.64406,37.331577,0.23531269,-0.038751826,0.23531269
01G0QN0SRDKEQ69PZTD2S0D1RX,2022-04-15 22:20:42.967471,18.972372,37.29995,183.6371,37.97146,0.23642214,0.11094498,0.23642214
01G0QN0SRDKEQ69PZTD2S0D1RX,2022-04-15 22:20:42.977471,18.747032,37.372696,183.62773,38.501812,0.23697639,0.055425562,0.23697639
01G0QN0SRDKEQ69PZTD2S0D1RX,2022-04-15 22:20:42.987471,18.518644,37.449493,183.6273,38.538425,0.24095395,0.39775622,0.24095395
01G0QN0SRDKEQ69PZTD2S0D1RX,2022-04-15 22:20:42.997471,18.287077,37.522465,183.61766,38.257626,0.24298401,0.20300578,0.24298401
01G0QN0SRDKEQ69PZTD2S0D1RX,2022-04-15 22:20:43.007471,18.054893,37.595196,183.6185,37.141907,0.24330942,0.032541797,0.24330942
01G0QN0SRDKEQ69PZTD2S0D1RX,2022-04-15 22:20:43.017471,17.822594,37.666443,183.61604,35.30944,0.24299301,-0.03164136,0.24299301
01G0QN0SRDKEQ69PZTD2S0D1RX,2022-04-15 22:20:43.027471,17.58955,37.734604,183.60677,35.148754,0.24298409,-0.0008925193,0.24298409
01G0QN0SRDKEQ69PZTD2S0D1RX,2022-04-15 22:20:43.037471,17.359436,37.801243,183.6009,36.43027,0.23964064,-0.33434516,0.23964064
01G0QN0SRDKEQ69PZTD2S0D1RX,2022-04-15 22:20:43.047471,17.134674,37.86322,183.59253,37.10097,0.23330076,-0.6339878,0.23330076
01G0QN0SRDKEQ69PZTD2S0D1RX,2022-04-15 22:20:43.057471,16.913809,37.926422,183.59367,37.08604,0.22973414,-0.35666218,0.22973414
01G0QN0SRDKEQ69PZTD2S0D1RX,2022-04-15 22:20:43.067472,16.695257,37.985985,183.5909,36.840252,0.22651665,-0.32171717,0.2265393
01G0QN0SRDKEQ69PZTD2S0D1RX,2022-04-15 22:20:43.077472,16.477768,38.043743,183.58246,37.603504,0.22518605,-0.13305965,0.22518605
01G0QN0SRDKEQ69PZTD2S0D1RX,2022-04-15 22:20:43.087472,16.260586,38.099926,183.58133,38.171772,0.2243334,-0.085264,0.2243334
01G0QN0SRDKEQ69PZTD2S0D1RX,2022-04-15 22:20:43.097472,16.040434,38.1564,183.57764,37.790752,0.2273098,0.29763803,0.2273098
01G0QN0SRDKEQ69PZTD2S0D1RX,2022-04-15 22:20:43.107472,15.816758,38.212288,183.5713,35.80128,0.23063949,0.33297056,0.23063949
01G0QN0SRDKEQ69PZTD2S0D1RX,2022-04-15 22:20:43.117472,15.589665,38.26685,183.56424,35.149273,0.2336626,0.30231088,0.2336626
01G0QN0SRDKEQ69PZTD2S0D1RX,2022-04-15 22:20:43.127472,15.35958,38.321373,183.55441,35.290176,0.23666106,0.29984567,0.23666106
01G0QN0SRDKEQ69PZTD2S0D1RX,2022-04-15 22:20:43.137472,15.125624,38.373142,183.5429,35.8676,0.23989195,0.3230888,0.23989195
01G0QN0SRDKEQ69PZTD2S0D1RX,2022-04-15 22:20:43.147472,14.888442,38.426357,183.53397,36.752758,0.24324292,0.33509728,0.24324292
01G0QN0SRDKEQ69PZTD2S0D1RX,2022-04-15 22:20:43.157472,14.651104,38.479443,183.53433,37.124565,0.24320316,-0.003975236,0.24320316
01G0QN0SRDKEQ69PZTD2S0D1RX,2022-04-15 22:20:43.167472,14.414154,38.530838,183.53362,37.776337,0.24246061,-0.07425659,0.24246061
01G0QN0SRDKEQ69PZTD2S0D1RX,2022-04-15 22:20:43.177472,14.177275,38.578503,183.52734,37.333923,0.24170874,-0.075185604,0.24170874
01G0QN0SRDKEQ69PZTD2S0D1RX,2022-04-15 22:20:43.187472,13.942138,38.624493,183.52165,37.50093,0.23965965,-0.20490932,0.23965965
01G0QN0SRDKEQ69PZTD2S0D1RX,2022-04-15 22:20:43.197472,13.708295,38.668167,183.51233,37.87921,0.238069,-0.15906541,0.238069
01G0QN0SRDKEQ69PZTD2S0D1RX,2022-04-15 22:20:43.207472,13.4758005,38.70994,183.5065,36.33722,0.23628952,-0.17794752,0.23628952
01G0QN0SRDKEQ69PZTD2S0D1RX,2022-04-15 22:20:43.217472,13.24318,38.751213,183.5043,35.554237,0.2362633,-0.0026213406,0.2362633
01G0QN0SRDKEQ69PZTD2S0D1RX,2022-04-15 22:20:43.227472,13.010847,38.79346,183.50694,35.58488,0.23615743,-0.010587661,0.23615743
01G0QN0SRDKEQ69PZTD2S0D1RX,2022-04-15 22:20:43.237472,12.779335,38.834084,183.51068,36.626102,0.2350793,-0.107812315,0.2350793
01G0QN0SRDKEQ69PZTD2S0D1RX,2022-04-15 22:20:43.247472,12.546965,38.87257,183.51082,36.64405,0.23553577,0.045646653,0.23553577
01G0QN0SRDKEQ69PZTD2S0D1RX,2022-04-15 22:20:43.257472,12.313019,38.910583,183.50821,37.03974,0.23702832,0.14925401,0.23702832
01G0QN0SRDKEQ69PZTD2S0D1RX,2022-04-15 22:20:43.267472,12.0791235,38.94535,183.50618,37.19107,0.23647386,-0.055445105,0.23647386
01G0QN0SRDKEQ69PZTD2S0D1RX,2022-04-15 22:20:43.287472,11.835937,38.98496,183.51231,37.56586,0.1232338,-5.6620035,0.2464676
01G0QN0SRDKEQ69PZTD2S0D1RX,2022-04-15 22:20:43.297473,11.587656,39.019753,183.50995,37.245438,0.2506934,12.744687,0.25071847
01G0QN0SRDKEQ69PZTD2S0D1RX,2022-04-15 22:20:43.307473,11.338539,39.05154,183.50641,36.927338,0.2511613,0.0467895,0.2511613
01G0QN0SRDKEQ69PZTD2S0D1RX,2022-04-15 22:20:43.317473,11.089578,39.0824,183.49442,35.90463,0.25115317,-0.0008142744,0.25115317
01G0QN0SRDKEQ69PZTD2S0D1RX,2022-04-15 22:20:43.327473,10.839893,39.110733,183.4816,35.1842,0.25161305,0.045988232,0.25161305
01G0QN0SRDKEQ69PZTD2S0D1RX,2022-04-15 22:20:43.337473,10.588217,39.135426,183.46637,35.22099,0.25334334,0.1730305,0.25334334
01G0QN0SRDKEQ69PZTD2S0D1RX,2022-04-15 22:20:43.347473,10.334177,39.161903,183.45532,36.597282,0.25565547,0.23121192,0.25565547
01G0QN0SRDKEQ69PZTD2S0D1RX,2022-04-15 22:20:43.357473,10.076851,39.18645,183.44028,36.597206,0.25893062,0.32751578,0.25893062
01G0QN0SRDKEQ69PZTD2S0D1RX,2022-04-15 22:20:43.367473,9.81605,39.20702,183.42416,36.885757,0.26210687,0.31762293,0.26210687
01G0QN0SRDKEQ69PZTD2S0D1RX,2022-04-15 22:20:43.377473,9.552449,39.22872,183.41197,37.44095,0.2647737,0.2666839,0.2647737
01G0QN0SRDKEQ69PZTD2S0D1RX,2022-04-15 22:20:43.387473,9.297014,39.246414,183.4042,37.823563,0.25616413,-0.86095667,0.25616413
01G0QN0SRDKEQ69PZTD2S0D1RX,2022-04-15 22:20:43.397473,9.045485,39.264404,183.39996,37.809948,0.25220865,-0.39554843,0.25220865
01G0QN0SRDKEQ69PZTD2S0D1RX,2022-04-15 22:20:43.407473,8.795846,39.283226,183.39978,37.398563,0.2503463,-0.18623501,0.2503463
01G0QN0SRDKEQ69PZTD2S0D1RX,2022-04-15 22:20:43.417473,8.548296,39.300167,183.4021,35.87102,0.2481404,-0.22059125,0.2481404
01G0QN0SRDKEQ69PZTD2S0D1RX,2022-04-15 22:20:43.427473,8.3047495,39.314022,183.40022,34.558197,0.24394701,-0.4193369,0.24394701
01G0QN0SRDKEQ69PZTD2S0D1RX,2022-04-15 22:20:43.437473,8.065515,39.325382,183.3986,35.031677,0.23951079,-0.44362274,0.23951079
01G0QN0SRDKEQ69PZTD2S0D1RX,2022-04-15 22:20:43.447473,7.830264,39.33519,183.39679,36.13693,0.23546122,-0.40495798,0.23546122
01G0QN0SRDKEQ69PZTD2S0D1RX,2022-04-15 22:20:43.457473,7.598881,39.34364,183.39346,36.436256,0.23156188,-0.3899324,0.23156188
01G0QN0SRDKEQ69PZTD2S0D1RX,2022-04-15 22:20:43.467473,7.3709593,39.351658,183.396,37.110863,0.22807668,-0.34852076,0.22807668
01G0QN0SRDKEQ69PZTD2S0D1RX,2022-04-15 22:20:43.477473,7.142789,39.357597,183.398,37.514915,0.22825646,0.017978719,0.22825646
01G0QN0SRDKEQ69PZTD2S0D1RX,2022-04-15 22:20:43.487473,6.913199,39.36118,183.39043,37.652798,0.22974232,0.14858545,0.22974232
01G0QN0SRDKEQ69PZTD2S0D1RX,2022-04-15 22:20:43.497473,6.681938,39.362778,183.38138,37.864986,0.23144321,0.17008942,0.23144321
01G0QN0SRDKEQ69PZTD2S0D1RX,2022-04-15 22:20:43.507473,6.447947,39.36225,183.37381,38.093147,0.23411416,0.26709363,0.23411416
01G0QN0SRDKEQ69PZTD2S0D1RX,2022-04-15 22:20:43.517474,6.2113457,39.359318,183.36418,36.405323,0.23679173,0.26773006,0.23681541
01G0QN0SRDKEQ69PZTD2S0D1RX,2022-04-15 22:20:43.527474,5.973524,39.358257,183.35857,34.039196,0.23789021,0.10984903,0.23789021
01G0QN0SRDKEQ69PZTD2S0D1RX,2022-04-15 22:20:43.537474,5.735809,39.35641,183.35234,34.245636,0.23780365,-0.008655971,0.23780365
01G0QN0SRDKEQ69PZTD2S0D1RX,2022-04-15 22:20:43.547474,5.4988723,39.352966,183.34213,35.00432,0.2371822,-0.06214549,0.2371822
01G0QN0SRDKEQ69PZTD2S0D1RX,2022-04-15 22:20:43.557474,5.262835,39.347332,183.33289,35.885628,0.23628491,-0.089729175,0.23628491
01G0QN0SRDKEQ69PZTD2S0D1RX,2022-04-15 22:20:43.567474,5.0282054,39.340336,183.31833,36.408665,0.23518528,-0.10996223,0.23518528
01G0QN0SRDKEQ69PZTD2S0D1RX,2022-04-15 22:20:43.577474,4.795376,39.33427,183.31696,36.781235,0.23291267,-0.22726023,0.23291267
01G0QN0SRDKEQ69PZTD2S0D1RX,2022-04-15 22:20:43.587474,4.56177,39.325485,183.3202,37.65595,0.23379302,0.08803377,0.23379302
01G0QN0SRDKEQ69PZTD2S0D1RX,2022-04-15 22:20:43.597474,4.3254166,39.315372,183.31845,37.574314,0.2365765,0.27834758,0.2365765
01G0QN0SRDKEQ69PZTD2S0D1RX,2022-04-15 22:20:43.607474,4.086426,39.30517,183.31682,37.53332,0.23921421,0.2637715,0.23921421
01G0QN0SRDKEQ69PZTD2S0D1RX,2022-04-15 22:20:43.617474,3.844421,39.29325,183.32135,36.33992,0.24234045,0.31262407,0.24234045
01G0QN0SRDKEQ69PZTD2S0D1RX,2022-04-15 22:20:43.627474,3.5995638,39.276207,183.31299,36.521767,0.24559197,0.32515162,0.24559197
01G0QN0SRDKEQ69PZTD2S0D1RX,2022-04-15 22:20:43.637474,3.3524299,39.260418,183.31276,35.776714,0.24763797,0.20460097,0.24763797
01G0QN0SRDKEQ69PZTD2S0D1RX,2022-04-15 22:20:43.647474,3.1057723,39.242455,183.3115,35.948997,0.24731416,-0.03238168,0.24731416
01G0QN0SRDKEQ69PZTD2S0D1RX,2022-04-15 22:20:43.657474,2.8616474,39.224014,183.30916,36.50103,0.24483152,-0.248264,0.24483152
01G0QN0SRDKEQ69PZTD2S0D1RX,2022-04-15 22:20:43.667474,2.620447,39.204098,183.3048,36.899364,0.24206048,-0.27710342,0.24206048
01G0QN0SRDKEQ69PZTD2S0D1RX,2022-04-15 22:20:43.677474,2.3835168,39.181374,183.29388,37.193905,0.23826706,-0.37934262,0.23826706
01G0QN0SRDKEQ69PZTD2S0D1RX,2022-04-15 22:20:43.687474,2.152107,39.158405,183.28232,37.360634,0.23283449,-0.5432577,0.23283449
01G0QN0SRDKEQ69PZTD2S0D1RX,2022-04-15 22:20:43.697474,1.9243637,39.13426,183.27798,37.714268,0.2290608,-0.37736824,0.2290608
01G0QN0SRDKEQ69PZTD2S0D1RX,2022-04-15 22:20:43.707474,1.6976876,39.109474,183.2714,36.95776,0.22812214,-0.093865074,0.22812214
01G0QN0SRDKEQ69PZTD2S0D1RX,2022-04-15 22:20:43.717474,1.4715036,39.080925,183.25839,35.772987,0.22834952,0.022737041,0.22834952
01G0QN0SRDKEQ69PZTD2S0D1RX,2022-04-15 22:20:43.727474,1.2429582,39.053307,183.25467,34.891834,0.2302379,0.1888377,0.2302379
01G0QN0SRDKEQ69PZTD2S0D1RX,2022-04-15 22:20:43.737474,1.0114644,39.0218,183.24596,35.352695,0.23379022,0.35523188,0.23379022
01G0QN0SRDKEQ69PZTD2S0D1RX,2022-04-15 22:20:43.747475,0.7761343,38.989395,183.24036,36.126545,0.23759302,0.38024315,0.23761679
01G0QN0SRDKEQ69PZTD2S0D1RX,2022-04-15 22:20:43.757475,0.5379025,38.95638,183.24066,36.982704,0.24050897,0.2915941,0.24050897
01G0QN0SRDKEQ69PZTD2S0D1RX,2022-04-15 22:20:43.767475,0.2988847,38.921585,183.2404,36.731495,0.24153718,0.10282178,0.24153718
01G0QN0SRDKEQ69PZTD2S0D1RX,2022-04-15 22:20:43.777475,0.059249353,38.88532,183.22739,36.741367,0.24271342,0.11762299,0.24271342
01G0QN0SRDKEQ69PZTD2S0D1RX,2022-04-15 22:20:43.787475,-0.1808945,38.848473,183.22281,36.322906,0.24299742,0.028400468,0.24299742
01G0QN0SRDKEQ69PZTD2S0D1RX,2022-04-15 22:20:43.797475,-0.42027125,38.81016,183.2156,36.61495,0.24253003,-0.046738576,0.24253003
01G0QN0SRDKEQ69PZTD2S0D1RX,2022-04-15 22:20:43.807475,-0.6565533,38.769535,183.21394,36.895496,0.23975492,-0.27751273,0.23975492
01G0QN0SRDKEQ69PZTD2S0D1RX,2022-04-15 22:20:43.817475,-0.8919999,38.727894,183.2068,35.612587,0.2392071,-0.05478101,0.2392071
01G0QN0SRDKEQ69PZTD2S0D1RX,2022-04-15 22:20:43.827475,-1.1277051,38.68397,183.20639,35.0307,0.2397629,0.055580933,0.2397629
01G0QN0SRDKEQ69PZTD2S0D1RX,2022-04-15 22:20:43.837475,-1.3641992,38.641308,183.20613,35.635113,0.24031211,0.054920185,0.24031211
01G0QN0SRDKEQ69PZTD2S0D1RX,2022-04-15 22:20:43.847475,-1.6016532,38.59768,183.20903,36.279865,0.24144605,0.11339375,0.24144605
01G0QN0SRDKEQ69PZTD2S0D1RX,2022-04-15 22:20:43.857475,-1.8412184,38.551193,183.20808,36.377518,0.24403574,0.25896844,0.24403574
01G0QN0SRDKEQ69PZTD2S0D1RX,2022-04-15 22:20:43.867475,-2.0823462,38.50309,183.20433,36.797455,0.24590771,0.18719758,0.24590771
01G0QN0SRDKEQ69PZTD2S0D1RX,2022-04-15 22:20:43.877475,-2.3235695,38.453293,183.2045,37.088707,0.24630935,0.040165458,0.24630935
01G0QN0SRDKEQ69PZTD2S0D1RX,2022-04-15 22:20:43.887475,-2.5632555,38.401196,183.19617,36.94784,0.245424,-0.08853611,0.245424
01G0QN0SRDKEQ69PZTD2S0D1RX,2022-04-15 22:20:43.897475,-2.7994115,38.349014,183.18524,36.799927,0.24209873,-0.33252645,0.24209873
01G0QN0SRDKEQ69PZTD2S0D1RX,2022-04-15 22:20:43.907475,-3.0335739,38.295776,183.17618,37.22945,0.24030922,-0.17895189,0.24030922
01G0QN0SRDKEQ69PZTD2S0D1RX,2022-04-15 22:20:43.917475,-3.2635307,38.242924,183.1777,36.252037,0.23595768,-0.43515345,0.23595768
01G0QN0SRDKEQ69PZTD2S0D1RX,2022-04-15 22:20:43.927475,-3.4903085,38.18948,183.17807,35.16452,0.23299094,-0.29667535,0.23299094
01G0QN0SRDKEQ69PZTD2S0D1RX,2022-04-15 22:20:43.937475,-3.7146828,38.13394,183.17209,35.727287,0.23122303,-0.17678899,0.23122303
01G0QN0SRDKEQ69PZTD2S0D1RX,2022-04-15 22:20:43.947475,-3.937953,38.077843,183.1667,36.307384,0.23027304,-0.094999805,0.23027304
01G0QN0SRDKEQ69PZTD2S0D1RX,2022-04-15 22:20:43.957475,-4.1596875,38.02113,183.16565,36.308056,0.22887461,-0.139843,0.22887461
01G0QN0SRDKEQ69PZTD2S0D1RX,2022-04-15 22:20:43.967475,-4.3821573,37.96073,183.16068,36.169106,0.23057605,0.17014366,0.23057605
01G0QN0SRDKEQ69PZTD2S0D1RX,2022-04-15 22:20:43.977476,-4.60773,37.897934,183.15036,36.03998,0.23435518,0.37787485,0.2343786
01G0QN0SRDKEQ69PZTD2S0D1RX,2022-04-15 22:20:43.987476,-4.836485,37.834816,183.14575,36.4844,0.23734708,0.29919037,0.23734708
01G0QN0SRDKEQ69PZTD2S0D1RX,2022-04-15 22:20:43.997476,-5.0690703,37.76997,183.1528,36.911312,0.24155907,0.42119977,0.24155907
01G0QN0SRDKEQ69PZTD2S0D1RX,2022-04-15 22:20:44.007476,-5.303825,37.701126,183.151,37.06369,0.2446474,0.30883214,0.2446474
01G0QN0SRDKEQ69PZTD2S0D1RX,2022-04-15 22:20:44.017476,-5.5400333,37.63218,183.14685,36.0265,0.2460999,0.14525037,0.2460999
01G0QN0SRDKEQ69PZTD2S0D1RX,2022-04-15 22:20:44.027476,-5.7771053,37.560852,183.13954,34.96029,0.24767818,0.15782689,0.24767818
01G0QN0SRDKEQ69PZTD2S0D1RX,2022-04-15 22:20:44.037476,-6.013405,37.487907,183.13481,35.28817,0.24734741,-0.033075433,0.24734741
01G0QN0SRDKEQ69PZTD2S0D1RX,2022-04-15 22:20:44.047476,-6.248025,37.41274,183.12172,36.00735,0.24671504,-0.06323816,0.24671504
01G0QN0SRDKEQ69PZTD2S0D1RX,2022-04-15 22:20:44.057476,-6.481298,37.33715,183.10873,36.69701,0.24555686,-0.11581727,0.24555686
01G0QN0SRDKEQ69PZTD2S0D1RX,2022-04-15 22:20:44.067476,-6.712467,37.263424,183.11058,37.048073,0.24264929,-0.29075807,0.24264929
01G0QN0SRDKEQ69PZTD2S0D1RX,2022-04-15 22:20:44.077476,-6.9411316,37.190422,183.12277,37.273994,0.24034478,-0.23044963,0.24034478
01G0QN0SRDKEQ69PZTD2S0D1RX,2022-04-15 22:20:44.087476,-7.167797,37.116234,183.13324,37.037415,0.23872663,-0.16181555,0.23872663
01G0QN0SRDKEQ69PZTD2S0D1RX,2022-04-15 22:20:44.097476,-7.3927317,37.0386,183.13095,37.01011,0.23796646,-0.07601693,0.23796646
01G0QN0SRDKEQ69PZTD2S0D1RX,2022-04-15 22:20:44.107476,-7.6171923,36.96066,183.12746,36.60304,0.2376333,-0.033315532,0.2376333
01G0QN0SRDKEQ69PZTD2S0D1RX,2022-04-15 22:20:44.117476,-7.841432,36.881004,183.1241,35.26507,0.23799087,0.035757184,0.23799087
01G0QN0SRDKEQ69PZTD2S0D1RX,2022-04-15 22:20:44.127476,-8.0650215,36.799744,183.12383,34.154083,0.23789714,-0.009372618,0.23789714
01G0QN0SRDKEQ69PZTD2S0D1RX,2022-04-15 22:20:44.137476,-8.287441,36.716084,183.12222,34.41447,0.23763983,-0.025732584,0.23763983
01G0QN0SRDKEQ69PZTD2S0D1RX,2022-04-15 22:20:44.147476,-8.5089245,36.63149,183.11752,35.34566,0.23713474,-0.050508615,0.23713474
01G0QN0SRDKEQ69PZTD2S0D1RX,2022-04-15 22:20:44.157476,-8.729608,36.544273,183.1121,36.248413,0.23735414,0.021941429,0.23735414
01G0QN0SRDKEQ69PZTD2S0D1RX,2022-04-15 22:20:44.167476,-8.948927,36.45652,183.09761,36.076893,0.23666814,-0.068600915,0.23666814
01G0QN0SRDKEQ69PZTD2S0D1RX,2022-04-15 22:20:44.177476,-9.165422,36.368256,183.0824,36.440212,0.23429205,-0.23760977,0.23429205
01G0QN0SRDKEQ69PZTD2S0D1RX,2022-04-15 22:20:44.187476,-9.381326,36.277615,183.06625,36.6098,0.23471273,0.042069763,0.23471273
01G0QN0SRDKEQ69PZTD2S0D1RX,2022-04-15 22:20:44.197476,-9.59665,36.188576,183.05798,36.967594,0.23315378,-0.15589662,0.23315378
01G0QN0SRDKEQ69PZTD2S0D1RX,2022-04-15 22:20:44.207477,-9.81229,36.097797,183.05638,37.203754,0.23395143,0.07975856,0.23397483
01G0QN0SRDKEQ69PZTD2S0D1RX,2022-04-15 22:20:44.217477,-10.029398,36.003223,183.04816,36.175556,0.23695543,0.30039996,0.23695543
01G0QN0SRDKEQ69PZTD2S0D1RX,2022-04-15 22:20:44.227477,-10.248991,35.90597,183.03897,35.32831,0.2403399,0.33844614,0.2403399
01G0QN0SRDKEQ69PZTD2S0D1RX,2022-04-15 22:20:44.237477,-10.471188,35.805992,183.03255,35.553974,0.24373816,0.3398255,0.24373816
01G0QN0SRDKEQ69PZTD2S0D1RX,2022-04-15 22:20:44.247477,-10.696045,35.703396,183.02267,36.196632,0.24735515,0.3616997,0.24735515
01G0QN0SRDKEQ69PZTD2S0D1RX,2022-04-15 22:20:44.257477,-10.923073,35.59944,183.01917,36.65376,0.24971932,0.23641632,0.24971932
01G0QN0SRDKEQ69PZTD2S0D1RX,2022-04-15 22:20:44.267477,-11.151066,35.49574,183.02676,37.014503,0.25058487,0.08655554,0.25058487
01G0QN0SRDKEQ69PZTD2S0D1RX,2022-04-15 22:20:44.277477,-11.378494,35.391327,183.03271,36.30556,0.2503227,-0.026217682,0.2503227
01G0QN0SRDKEQ69PZTD2S0D1RX,2022-04-15 22:20:44.287477,-11.60269,35.286804,183.03218,36.715748,0.2473647,-0.29579943,0.2473647
01G0QN0SRDKEQ69PZTD2S0D1RX,2022-04-15 22:20:44.297477,-11.821628,35.179653,183.01685,36.502235,0.24423277,-0.3131923,0.24423277
01G0QN0SRDKEQ69PZTD2S0D1RX,2022-04-15 22:20:44.307477,-12.035955,35.07387,182.99872,36.982197,0.23969753,-0.45352545,0.23969753
01G0QN0SRDKEQ69PZTD2S0D1RX,2022-04-15 22:20:44.317477,-12.24635,34.974216,183.00955,37.235126,0.23305495,-0.66425717,0.23305495
01G0QN0SRDKEQ69PZTD2S0D1RX,2022-04-15 22:20:44.327477,-12.453038,34.87128,183.01173,35.70095,0.23091286,-0.21420868,0.23091286
01G0QN0SRDKEQ69PZTD2S0D1RX,2022-04-15 22:20:44.337477,-12.657556,34.76645,183.00284,35.766994,0.22999075,-0.09221143,0.22999075
01G0QN0SRDKEQ69PZTD2S0D1RX,2022-04-15 22:20:44.347477,-12.861408,34.659466,183.00522,35.96911,0.23023328,0.02425333,0.23023328
01G0QN0SRDKEQ69PZTD2S0D1RX,2022-04-15 22:20:44.357477,-13.064885,34.550938,182.99628,36.753483,0.23078343,0.055015065,0.23078343
01G0QN0SRDKEQ69PZTD2S0D1RX,2022-04-15 22:20:44.367477,-13.270485,34.43665,182.97528,37.026176,0.23616327,0.53798383,0.23616327
01G0QN0SRDKEQ69PZTD2S0D1RX,2022-04-15 22:20:44.377477,-13.478622,34.318867,182.95172,36.440525,0.24031223,0.41489592,0.24031223
01G0QN0SRDKEQ69PZTD2S0D1RX,2022-04-15 22:20:44.387477,-13.687936,34.200592,182.93695,36.45129,0.24087237,0.05601318,0.24087237
01G0QN0SRDKEQ69PZTD2S0D1RX,2022-04-15 22:20:44.397477,-13.89871,34.08587,182.94154,36.21091,0.24001616,-0.08562053,0.24001616
01G0QN0SRDKEQ69PZTD2S0D1RX,2022-04-15 22:20:44.407477,-14.107454,33.969704,182.94728,36.664833,0.23895942,-0.10567449,0.23895942
01G0QN0SRDKEQ69PZTD2S0D1RX,2022-04-15 22:20:44.417477,-14.31413,33.849373,182.93636,34.87605,0.23940259,0.044317216,0.23940259
01G0QN0SRDKEQ69PZTD2S0D1RX,2022-04-15 22:20:44.427478,-14.519301,33.730774,182.9306,34.27485,0.23702987,-0.23724788,0.23705357
01G0QN0SRDKEQ69PZTD2S0D1RX,2022-04-15 22:20:44.437478,-14.723334,33.611935,182.93372,34.75811,0.23613846,-0.08914011,0.23613846
01G0QN0SRDKEQ69PZTD2S0D1RX,2022-04-15 22:20:44.447478,-14.926298,33.492393,182.93634,35.693333,0.23556533,-0.05731296,0.23556533
01G0QN0SRDKEQ69PZTD2S0D1RX,2022-04-15 22:20:44.457478,-15.131025,33.36972,182.94247,35.680874,0.23874618,0.318084,0.23874618
01G0QN0SRDKEQ69PZTD2S0D1RX,2022-04-15 22:20:44.467478,-15.335897,33.244522,182.94872,35.958813,0.24018069,0.1434505,0.24018069
01G0QN0SRDKEQ69PZTD2S0D1RX,2022-04-15 22:20:44.477478,-15.542315,33.11581,182.95477,36.148514,0.2433333,0.31526107,0.2433333
01G0QN0SRDKEQ69PZTD2S0D1RX,2022-04-15 22:20:44.487478,-15.750059,32.985847,182.96317,36.398613,0.24519032,0.18570298,0.24519032
01G0QN0SRDKEQ69PZTD2S0D1RX,2022-04-15 22:20:44.497478,-15.959323,32.85148,182.96199,36.13573,0.24869175,0.35014346,0.24869175
01G0QN0SRDKEQ69PZTD2S0D1RX,2022-04-15 22:20:44.507478,-16.168709,32.71586,182.95367,36.220688,0.24960802,0.09162682,0.24960802
01G0QN0SRDKEQ69PZTD2S0D1RX,2022-04-15 22:20:44.517478,-16.375866,32.57838,182.94223,35.092003,0.24888816,-0.0719864,0.24888816
01G0QN0SRDKEQ69PZTD2S0D1RX,2022-04-15 22:20:44.527478,-16.579592,32.443203,182.93227,34.004864,0.24469896,-0.41892093,0.24469896
01G0QN0SRDKEQ69PZTD2S0D1RX,2022-04-15 22:20:44.537478,-16.779867,32.328815,183.01535,34.243286,0.24514686,0.04478986,0.24514686
01G0QN0SRDKEQ69PZTD2S0D1RX,2022-04-15 22:20:44.547478,-16.978418,32.20237,183.03479,34.66603,0.23619519,-0.89516586,0.23619519
01G0QN0SRDKEQ69PZTD2S0D1RX,2022-04-15 22:20:44.557478,-17.169144,32.073788,183.03123,34.03149,0.23004876,-0.6146437,0.23004876
01G0QN0SRDKEQ69PZTD2S0D1RX,2022-04-15 22:20:44.567478,-17.355707,31.944393,183.02715,33.89747,0.22707981,-0.29689422,0.22707981
01G0QN0SRDKEQ69PZTD2S0D1RX,2022-04-15 22:20:44.577478,-17.541384,31.81384,183.02617,35.05172,0.2269834,-0.009641177,0.2269834
01G0QN0SRDKEQ69PZTD2S0D1RX,2022-04-15 22:20:44.587478,-17.727274,31.678679,183.01431,36.09869,0.23013943,0.31560242,0.23013943
01G0QN0SRDKEQ69PZTD2S0D1RX,2022-04-15 22:20:44.597478,-17.915476,31.540833,183.00987,36.84889,0.23332669,0.3187261,0.23332669
01G0QN0SRDKEQ69PZTD2S0D1RX,2022-04-15 22:20:44.607478,-18.106058,31.403,183.0158,36.92803,0.23527417,0.19474795,0.23527417
01G0QN0SRDKEQ69PZTD2S0D1RX,2022-04-15 22:20:44.617478,-18.296808,31.264706,183.02362,37.120285,0.23573884,0.046466824,0.23573884
01G0QN0SRDKEQ69PZTD2S0D1RX,2022-04-15 22:20:44.627478,-18.490307,31.119938,183.02519,34.67403,0.2416646,0.5925768,0.2416646
01G0QN0SRDKEQ69PZTD2S0D1RX,2022-04-15 22:20:44.637478,-18.682884,30.95268,182.92635,34.440273,0.27355102,3.1886406,0.27355102
01G0QN0SRDKEQ69PZTD2S0D1RX,2022-04-15 22:20:44.647478,-18.872746,30.798798,182.89557,35.021435,0.24632224,-2.722876,0.24632224
01G0QN0SRDKEQ69PZTD2S0D1RX,2022-04-15 22:20:44.657479,-19.063072,30.647467,182.883,35.38565,0.24345665,-0.28653172,0.243481
01G0QN0SRDKEQ69PZTD2S0D1RX,2022-04-15 22:20:44.667479,-19.253496,30.499252,182.87828,35.66696,0.24135278,-0.21038678,0.24135278
01G0QN0SRDKEQ69PZTD2S0D1RX,2022-04-15 22:20:44.677479,-19.44177,30.35156,182.8811,35.49537,0.2393084,-0.2044381,0.2393084
01G0QN0SRDKEQ69PZTD2S0D1RX,2022-04-15 22:20:44.687479,-19.628431,30.202536,182.88202,35.078445,0.23885414,-0.04542584,0.23885414
01G0QN0SRDKEQ69PZTD2S0D1RX,2022-04-15 22:20:44.697479,-19.811928,30.051884,182.87335,35.77168,0.23757514,-0.12789986,0.23757514
01G0QN0SRDKEQ69PZTD2S0D1RX,2022-04-15 22:20:44.707479,-19.995497,29.897572,182.86853,36.02612,0.23985997,0.22848298,0.23985997
01G0QN0SRDKEQ69PZTD2S0D1RX,2022-04-15 22:20:44.717479,-20.180586,29.742033,182.87115,36.20113,0.2417801,0.19201335,0.2417801
01G0QN0SRDKEQ69PZTD2S0D1RX,2022-04-15 22:20:44.727479,-20.364178,29.584814,182.85954,34.18514,0.24198754,0.020743307,0.24198754
01G0QN0SRDKEQ69PZTD2S0D1RX,2022-04-15 22:20:44.737479,-20.547352,29.427444,182.85052,33.829712,0.2416596,-0.03279376,0.2416596
01G0QN0SRDKEQ69PZTD2S0D1RX,2022-04-15 22:20:44.747479,-20.72837,29.26844,182.83597,34.764824,0.24137676,-0.028284885,0.24137676
01G0QN0SRDKEQ69PZTD2S0D1RX,2022-04-15 22:20:44.757479,-20.908276,29.110209,182.8309,35.697758,0.23964171,-0.17350468,0.23964171
01G0QN0SRDKEQ69PZTD2S0D1RX,2022-04-15 22:20:44.767479,-21.085138,28.951857,182.8234,35.994995,0.23751418,-0.21275145,0.23751418
01G0QN0SRDKEQ69PZTD2S0D1RX,2022-04-15 22:20:44.777479,-21.259457,28.794594,182.81216,35.557137,0.23504102,-0.24731627,0.23504102
01G0QN0SRDKEQ69PZTD2S0D1RX,2022-04-15 22:20:44.787479,-21.432446,28.639236,182.8137,35.86451,0.23251513,-0.25259015,0.23251513
01G0QN0SRDKEQ69PZTD2S0D1RX,2022-04-15 22:20:44.797479,-21.603539,28.485111,182.82407,36.22487,0.2305095,-0.20056142,0.2305095
01G0QN0SRDKEQ69PZTD2S0D1RX,2022-04-15 22:20:44.807479,-21.771315,28.330246,182.82277,36.48217,0.22832768,-0.21818274,0.22832768
01G0QN0SRDKEQ69PZTD2S0D1RX,2022-04-15 22:20:44.817479,-21.93872,28.175482,182.82248,36.25133,0.2279848,-0.034287784,0.2279848
01G0QN0SRDKEQ69PZTD2S0D1RX,2022-04-15 22:20:44.827479,-22.10556,28.017176,182.82315,34.15827,0.22999248,0.20076747,0.22999248
01G0QN0SRDKEQ69PZTD2S0D1RX,2022-04-15 22:20:44.837479,-22.27284,27.857616,182.82773,33.627388,0.23121953,0.122704476,0.23121953
01G0QN0SRDKEQ69PZTD2S0D1RX,2022-04-15 22:20:44.847479,-22.44164,27.694605,182.82904,34.809216,0.23466606,0.344654,0.23466606
01G0QN0SRDKEQ69PZTD2S0D1RX,2022-04-15 22:20:44.857479,-22.61087,27.526606,182.82503,35.17405,0.2384926,0.3826521,0.2384926
01G0QN0SRDKEQ69PZTD2S0D1RX,2022-04-15 22:20:44.867479,-22.78274,27.354452,182.82289,36.16238,0.2432701,0.47775072,0.2432701
01G0QN0SRDKEQ69PZTD2S0D1RX,2022-04-15 22:20:44.877479,-22.954088,27.177355,182.8103,35.84521,0.24674383,0.34737334,0.24674383
01G0QN0SRDKEQ69PZTD2S0D1RX,2022-04-15 22:20:44.887480,-23.12452,26.998547,182.79483,36.170162,0.24747935,0.0735447,0.2475041
01G0QN0SRDKEQ69PZTD2S0D1RX,2022-04-15 22:20:44.897480,-23.294521,26.819191,182.77808,36.477325,0.24768913,0.020978069,0.24768913
01G0QN0SRDKEQ69PZTD2S0D1RX,2022-04-15 22:20:44.907480,-23.465582,26.642025,182.77994,35.77545,0.2462783,-0.1410823,0.2462783
01G0QN0SRDKEQ69PZTD2S0D1RX,2022-04-15 22:20:44.917480,-23.629574,26.462873,182.76381,35.611702,0.24340992,-0.28683844,0.24340992
01G0QN0SRDKEQ69PZTD2S0D1RX,2022-04-15 22:20:44.927480,-23.791103,26.286053,182.75027,33.58368,0.23987691,-0.35330084,0.23987691
01G0QN0SRDKEQ69PZTD2S0D1RX,2022-04-15 22:20:44.937480,-23.951082,26.109024,182.73853,33.783287,0.23889351,-0.098340586,0.23889351
01G0QN0SRDKEQ69PZTD2S0D1RX,2022-04-15 22:20:44.947480,-24.108122,25.934147,182.7305,34.099327,0.23517679,-0.37167212,0.23517679
01G0QN0SRDKEQ69PZTD2S0D1RX,2022-04-15 22:20:44.957480,-24.263979,25.76033,182.72614,34.847305,0.23350084,-0.16759445,0.23350084
01G0QN0SRDKEQ69PZTD2S0D1RX,2022-04-15 22:20:44.967480,-24.418894,25.586294,182.72314,35.739098,0.23301512,-0.048572034,0.23301512
01G0QN0SRDKEQ69PZTD2S0D1RX,2022-04-15 22:20:44.977480,-24.57259,25.410656,182.72128,35.943356,0.2333971,0.038197793,0.2333971
01G0QN0SRDKEQ69PZTD2S0D1RX,2022-04-15 22:20:44.987480,-24.72602,25.235344,182.7205,36.380238,0.23297316,-0.042394448,0.23297316
01G0QN0SRDKEQ69PZTD2S0D1RX,2022-04-15 22:20:44.997480,-24.877178,25.055195,182.71095,36.020767,0.23535737,0.23842148,0.23535737
01G0QN0SRDKEQ69PZTD2S0D1RX,2022-04-15 22:20:45.007480,-25.026703,24.872149,182.68616,35.704987,0.23765278,0.2295413,0.23765278
01G0QN0SRDKEQ69PZTD2S0D1RX,2022-04-15 22:20:45.017480,-25.177752,24.689299,182.67705,35.74416,0.2373448,-0.030798683,0.2373448
01G0QN0SRDKEQ69PZTD2S0D1RX,2022-04-15 22:20:45.027480,-25.329144,24.50812,182.67676,33.557503,0.2361063,-0.12384864,0.2361063
01G0QN0SRDKEQ69PZTD2S0D1RX,2022-04-15 22:20:45.037480,-25.478613,24.327484,182.67743,33.753834,0.23445705,-0.16492671,0.23445705
01G0QN0SRDKEQ69PZTD2S0D1RX,2022-04-15 22:20:45.047480,-25.626198,24.147205,182.67632,33.689514,0.23298757,-0.14694782,0.23298757
01G0QN0SRDKEQ69PZTD2S0D1RX,2022-04-15 22:20:45.057480,-25.771935,23.966856,182.67616,34.80656,0.23187251,-0.11150484,0.23187251
01G0QN0SRDKEQ69PZTD2S0D1RX,2022-04-15 22:20:45.067480,-25.914293,23.785357,182.67181,35.145397,0.23070952,-0.116299346,0.23070952
01G0QN0SRDKEQ69PZTD2S0D1RX,2022-04-15 22:20:45.077480,-26.05989,23.60499,182.68163,35.503143,0.23200662,0.12970994,0.23200662
01G0QN0SRDKEQ69PZTD2S0D1RX,2022-04-15 22:20:45.087480,-26.203777,23.418499,182.68289,35.926895,0.23555098,0.35443684,0.23555098
01G0QN0SRDKEQ69PZTD2S0D1RX,2022-04-15 22:20:45.097480,-26.350416,23.229269,182.69058,36.46188,0.23952009,0.39690962,0.23952009
01G0QN0SRDKEQ69PZTD2S0D1RX,2022-04-15 22:20:45.107481,-26.496262,23.035378,182.69334,37.012108,0.24261212,0.3091727,0.24263638
01G0QN0SRDKEQ69PZTD2S0D1RX,2022-04-15 22:20:45.117481,-26.642912,22.838602,182.69292,36.92434,0.24541314,0.28010124,0.24541314
01G0QN0SRDKEQ69PZTD2S0D1RX,2022-04-15 22:20:45.127481,-26.78915,22.636866,182.68556,34.923225,0.2492726,0.38594672,0.2492726
01G0QN0SRDKEQ69PZTD2S0D1RX,2022-04-15 22:20:45.137481,-26.936169,22.435835,182.68608,34.626064,0.24905448,-0.021812867,0.24905448
01G0QN0SRDKEQ69PZTD2S0D1RX,2022-04-15 22:20:45.147481,-27.08009,22.234125,182.68378,35.002686,0.24780123,-0.12532397,0.24780123
01G0QN0SRDKEQ69PZTD2S0D1RX,2022-04-15 22:20:45.157481,-27.22128,22.035696,182.68428,35.74776,0.2435345,-0.4266732,0.2435345
01G0QN0SRDKEQ69PZTD2S0D1RX,2022-04-15 22:20:45.167481,-27.358536,21.839567,182.67346,36.14963,0.23962964,-0.39048666,0.23962964
01G0QN0SRDKEQ69PZTD2S0D1RX,2022-04-15 22:20:45.177481,-27.490822,21.647434,182.66257,36.62264,0.23352467,-0.61049634,0.23352467
01G0QN0SRDKEQ69PZTD2S0D1RX,2022-04-15 22:20:45.187481,-27.62166,21.460495,182.66791,36.436607,0.22824016,-0.528451,0.22824016
01G0QN0SRDKEQ69PZTD2S0D1RX,2022-04-15 22:20:45.197481,-27.748287,21.271435,182.66162,36.576447,0.22763464,-0.060552232,0.22763464
01G0QN0SRDKEQ69PZTD2S0D1RX,2022-04-15 22:20:45.207481,-27.873251,21.08148,182.65402,36.473183,0.2275008,-0.013383662,0.2275008
01G0QN0SRDKEQ69PZTD2S0D1RX,2022-04-15 22:20:45.217481,-27.998655,20.892252,182.65479,36.639927,0.22701105,-0.048974454,0.22701105
01G0QN0SRDKEQ69PZTD2S0D1RX,2022-04-15 22:20:45.227481,-28.125626,20.70378,182.67758,35.186726,0.22839299,0.13819356,0.22839299
01G0QN0SRDKEQ69PZTD2S0D1RX,2022-04-15 22:20:45.237481,-28.250246,20.507586,182.68007,35.027042,0.23244,0.4046999,0.23244
01G0QN0SRDKEQ69PZTD2S0D1RX,2022-04-15 22:20:45.247481,-28.377222,20.308296,182.68619,34.73867,0.23638307,0.3943068,0.23638307
01G0QN0SRDKEQ69PZTD2S0D1RX,2022-04-15 22:20:45.257481,-28.504436,20.10843,182.69482,35.648773,0.23707297,0.06899171,0.23707297
01G0QN0SRDKEQ69PZTD2S0D1RX,2022-04-15 22:20:45.267481,-28.631393,19.908411,182.71631,36.108006,0.23788206,0.08090811,0.23788206
01G0QN0SRDKEQ69PZTD2S0D1RX,2022-04-15 22:20:45.277481,-28.75499,19.70536,182.72186,36.32746,0.23777434,-0.010772323,0.23777434
01G0QN0SRDKEQ69PZTD2S0D1RX,2022-04-15 22:20:45.287481,-28.872938,19.499447,182.70274,36.062614,0.23806968,0.029534511,0.23806968
01G0QN0SRDKEQ69PZTD2S0D1RX,2022-04-15 22:20:45.297481,-28.991602,19.29823,182.69408,36.15269,0.23376237,-0.4307319,0.23376237
01G0QN0SRDKEQ69PZTD2S0D1RX,2022-04-15 22:20:45.307481,-29.112316,19.098778,182.7045,36.53901,0.2333707,-0.03916545,0.2333707
01G0QN0SRDKEQ69PZTD2S0D1RX,2022-04-15 22:20:45.317481,-29.230658,18.895905,182.70944,36.24997,0.23491755,0.15468375,0.23491755
01G0QN0SRDKEQ69PZTD2S0D1RX,2022-04-15 22:20:45.327481,-29.345198,18.687334,182.68951,33.946312,0.23878591,0.38683566,0.23878591
01G0QN0SRDKEQ69PZTD2S0D1RX,2022-04-15 22:20:45.337482,-29.460846,18.478306,182.67996,34.352,0.23905428,0.026834808,0.23907818
01G0QN0SRDKEQ69PZTD2S0D1RX,2022-04-15 22:20:45.347482,-29.577486,18.266733,182.67377,34.967453,0.24167506,0.26207808,0.24167506
01G0QN0SRDKEQ69PZTD2S0D1RX,2022-04-15 22:20:45.357482,-29.693125,18.049932,182.6608,35.079975,0.24605459,0.43795303,0.24605459
01G0QN0SRDKEQ69PZTD2S0D1RX,2022-04-15 22:20:45.367482,-29.8072,17.832478,182.64139,35.3996,0.24632604,0.027146367,0.24632604
01G0QN0SRDKEQ69PZTD2S0D1RX,2022-04-15 22:20:45.377482,-29.91984,17.615631,182.6272,35.20442,0.24476817,-0.15578708,0.24476817
01G0QN0SRDKEQ69PZTD2S0D1RX,2022-04-15 22:20:45.387482,-30.034304,17.401684,182.6351,35.872597,0.24277076,-0.1997419,0.24277076
01G0QN0SRDKEQ69PZTD2S0D1RX,2022-04-15 22:20:45.397482,-30.14519,17.189749,182.64294,36.039196,0.23932007,-0.34506938,0.23932007
01G0QN0SRDKEQ69PZTD2S0D1RX,2022-04-15 22:20:45.407482,-30.248514,16.979212,182.62387,35.67138,0.23529802,-0.4022039,0.23529802
01G0QN0SRDKEQ69PZTD2S0D1RX,2022-04-15 22:20:45.417482,-30.351284,16.771954,182.61507,35.26034,0.23150764,-0.37903887,0.23150764
01G0QN0SRDKEQ69PZTD2S0D1RX,2022-04-15 22:20:45.427482,-30.45269,16.567286,182.61896,33.712784,0.22844534,-0.30623072,0.22844534
01G0QN0SRDKEQ69PZTD2S0D1RX,2022-04-15 22:20:45.437482,-30.546963,16.36272,182.5946,33.746563,0.22655442,-0.18909065,0.22655442
01G0QN0SRDKEQ69PZTD2S0D1RX,2022-04-15 22:20:45.447482,-30.642134,16.15906,182.58192,34.941887,0.22515883,-0.13956009,0.22515883
01G0QN0SRDKEQ69PZTD2S0D1RX,2022-04-15 22:20:45.457482,-30.738878,15.954721,182.57986,35.735336,0.22609228,0.093345284,0.22609228
01G0QN0SRDKEQ69PZTD2S0D1RX,2022-04-15 22:20:45.467482,-30.83538,15.745571,182.57542,35.68596,0.23038273,0.4290443,0.23038273
01G0QN0SRDKEQ69PZTD2S0D1RX,2022-04-15 22:20:45.477482,-30.932901,15.533209,182.57466,36.04014,0.23368399,0.3301274,0.23368399
01G0QN0SRDKEQ69PZTD2S0D1RX,2022-04-15 22:20:45.487482,-31.030365,15.317844,182.56549,36.180634,0.2365699,0.28859073,0.2365699
01G0QN0SRDKEQ69PZTD2S0D1RX,2022-04-15 22:20:45.497482,-31.12727,15.099555,182.5601,36.61591,0.23889281,0.23229057,0.23889281
01G0QN0SRDKEQ69PZTD2S0D1RX,2022-04-15 22:20:45.507482,-31.224567,14.87979,182.5718,36.812695,0.24062426,0.17314534,0.24062426
01G0QN0SRDKEQ69PZTD2S0D1RX,2022-04-15 22:20:45.517482,-31.31814,14.658351,182.56625,36.620182,0.24046151,-0.016274024,0.24046151
01G0QN0SRDKEQ69PZTD2S0D1RX,2022-04-15 22:20:45.527482,-31.409641,14.436834,182.55623,34.23015,0.23988098,-0.05805477,0.23988098
01G0QN0SRDKEQ69PZTD2S0D1RX,2022-04-15 22:20:45.537482,-31.505312,14.216164,182.57794,34.262238,0.24149434,0.16133681,0.24149434
01G0QN0SRDKEQ69PZTD2S0D1RX,2022-04-15 22:20:45.547482,-31.595854,13.995189,182.58685,34.699707,0.2389722,-0.25221324,0.2389722
01G0QN0SRDKEQ69PZTD2S0D1RX,2022-04-15 22:20:45.557482,-31.682423,13.774294,182.5828,34.997963,0.23728634,-0.16858616,0.23728634
01G0QN0SRDKEQ69PZTD2S0D1RX,2022-04-15 22:20:45.567483,-31.769737,13.554264,182.59198,34.87966,0.23687588,-0.041042954,0.23689957
01G0QN0SRDKEQ69PZTD2S0D1RX,2022-04-15 22:20:45.577483,-31.856709,13.334716,182.61041,34.067474,0.23686646,-0.0009422992,0.23686646
01G0QN0SRDKEQ69PZTD2S0D1RX,2022-04-15 22:20:45.587483,-31.942404,13.115367,182.64018,32.578564,0.23736677,0.050031733,0.23736677
01G0QN0SRDKEQ69PZTD2S0D1RX,2022-04-15 22:20:45.597483,-32.028107,12.896814,182.68562,31.078745,0.23911312,0.17463548,0.23911312
01G0QN0SRDKEQ69PZTD2S0D1RX,2022-04-15 22:20:45.607483,-32.115524,12.677266,182.74818,29.668123,0.2444553,0.5342167,0.2444553
01G0QN0SRDKEQ69PZTD2S0D1RX,2022-04-15 22:20:45.617483,-32.205143,12.45886,182.84148,27.218393,0.2538387,0.9383406,0.2538387
01G0QN0SRDKEQ69PZTD2S0D1RX,2022-04-15 22:20:45.627483,-32.296135,12.242597,182.9677,21.491615,0.26642543,1.258673,0.26642543
01G0QN0SRDKEQ69PZTD2S0D1RX,2022-04-15 22:20:45.637483,-32.386646,12.028032,183.11383,17.568584,0.2749278,0.8502361,0.2749278
01G0QN0SRDKEQ69PZTD2S0D1RX,2022-04-15 22:20:45.647483,-32.477737,11.815032,183.28108,13.294595,0.28572896,1.0801178,0.28572896
